drawer_session_id,store_id,register_id,employee_id,opened_at,closed_at,opening_cash,expected_cash,counted_cash,cash_variance,no_sale_open_count,cash_refund_total,cash_sales_total,approving_manager_id,flagged,flag_reason
DRW-0000001,PH-001,REG-04,EMP-0016,2026-05-01 14:00:00,2026-05-01 21:55:00,200.0,749.98,745.41,-4.57,5,113.71,1259.96,EMP-0002,False,
DRW-0000002,PH-002,REG-02,EMP-0035,2026-07-07 10:00:00,2026-07-07 17:46:00,200.0,1493.24,1496.22,2.98,2,28.74,1384.43,EMP-0023,False,
DRW-0000003,PH-003,REG-04,EMP-0064,2026-07-10 10:00:00,2026-07-10 18:01:00,200.0,662.85,662.0,-0.85,3,126.38,1654.93,EMP-0057,False,
DRW-0000004,PH-001,REG-03,EMP-0013,2026-06-02 14:00:00,2026-06-02 21:48:00,200.0,1091.77,1091.37,-0.4,2,50.68,928.37,EMP-0012,False,
DRW-0000005,PH-001,REG-06,EMP-0012,2026-07-09 12:00:00,2026-07-09 20:44:00,200.0,1854.6,1851.64,-2.96,5,4.17,1217.13,EMP-0002,False,
DRW-0000006,PH-003,REG-02,EMP-0045,2026-06-20 12:00:00,2026-06-20 20:13:00,200.0,1612.34,1613.6,1.26,3,49.99,1659.45,EMP-0047,False,
DRW-0000007,PH-003,REG-05,EMP-0063,2026-07-05 10:00:00,2026-07-05 18:12:00,200.0,1071.38,1071.75,0.37,3,137.59,1094.33,EMP-0046,False,
DRW-0000008,PH-003,REG-04,EMP-0047,2026-06-07 08:11:00,2026-06-07 16:25:00,200.0,1622.68,1623.25,0.57,0,46.3,1380.4,EMP-0057,False,
DRW-0000009,PH-004,REG-03,EMP-0079,2026-07-29 08:00:00,2026-07-29 16:20:00,200.0,1572.98,1570.26,-2.72,1,87.0,1733.16,EMP-0069,False,
DRW-0000010,PH-003,REG-06,EMP-0056,2026-07-09 12:00:00,2026-07-09 19:55:00,200.0,1863.65,1859.43,-4.22,3,117.55,315.05,EMP-0056,False,
DRW-0000011,PH-001,REG-06,EMP-0013,2026-05-07 10:00:00,2026-05-07 18:27:00,200.0,1838.09,1838.19,0.1,1,128.36,1700.97,EMP-0001,False,
DRW-0000012,PH-004,REG-01,EMP-0079,2026-05-25 10:00:00,2026-05-25 17:51:00,200.0,672.31,668.79,-3.52,3,117.99,500.71,EMP-0078,False,
DRW-0000013,PH-003,REG-06,EMP-0045,2026-06-01 14:09:00,2026-06-01 21:48:00,200.0,1736.7,1739.08,2.38,3,85.27,1095.24,EMP-0047,False,
DRW-0000014,PH-001,REG-03,EMP-0006,2026-06-06 14:00:00,2026-06-06 22:18:00,200.0,1712.41,1712.17,-0.24,4,82.23,799.34,EMP-0002,False,
DRW-0000015,PH-004,REG-06,EMP-0079,2026-07-13 12:00:00,2026-07-13 20:06:00,200.0,1676.64,1675.86,-0.78,4,7.77,1447.21,EMP-0078,False,
DRW-0000016,PH-005,REG-06,EMP-0089,2026-07-08 12:00:00,2026-07-08 19:54:00,200.0,1592.37,1587.76,-4.61,4,88.01,1666.83,EMP-0101,False,
DRW-0000017,PH-005,REG-02,EMP-0107,2026-06-21 12:05:00,2026-06-21 19:48:00,200.0,577.04,580.14,3.1,1,106.79,1659.36,EMP-0089,False,
DRW-0000018,PH-001,REG-02,EMP-0002,2026-06-06 12:12:00,2026-06-06 20:02:00,200.0,1819.82,1820.08,0.26,1,95.23,534.55,EMP-0003,False,
DRW-0000019,PH-005,REG-01,EMP-0101,2026-05-15 10:00:00,2026-05-15 18:42:00,200.0,1785.77,1780.9,-4.87,4,5.19,1013.37,EMP-0091,False,
DRW-0000020,PH-003,REG-05,EMP-0060,2026-07-17 14:00:00,2026-07-17 22:05:00,200.0,1515.01,1510.55,-4.46,2,125.35,800.08,EMP-0045,False,
DRW-0000021,PH-005,REG-05,EMP-0106,2026-05-07 08:00:00,2026-05-07 16:21:00,200.0,1271.07,1272.0,0.93,4,137.01,389.15,EMP-0090,False,
DRW-0000022,PH-001,REG-02,EMP-0020,2026-06-16 12:00:00,2026-06-16 20:08:00,200.0,581.74,580.33,-1.41,2,95.76,546.77,EMP-0003,False,
DRW-0000023,PH-003,REG-06,EMP-0064,2026-07-07 14:00:00,2026-07-07 22:13:00,200.0,1216.88,1219.76,2.88,0,101.82,948.74,EMP-0045,False,
DRW-0000024,PH-005,REG-06,EMP-0100,2026-07-30 10:00:00,2026-07-30 17:49:00,200.0,1416.62,1414.05,-2.57,0,107.52,703.56,EMP-0091,False,
DRW-0000025,PH-004,REG-02,EMP-0082,2026-05-12 08:00:00,2026-05-12 15:50:00,200.0,1499.05,1498.3,-0.75,3,8.7,730.19,EMP-0069,False,
DRW-0000026,PH-005,REG-03,EMP-0091,2026-05-12 08:00:00,2026-05-12 16:12:00,200.0,1034.69,1031.95,-2.74,2,114.3,1555.27,EMP-0090,False,
DRW-0000027,PH-004,REG-03,EMP-0079,2026-05-25 12:00:00,2026-05-25 20:24:00,200.0,1565.1,1568.37,3.27,1,85.96,1781.78,EMP-0079,False,
DRW-0000028,PH-001,REG-04,EMP-0020,2026-07-14 10:00:00,2026-07-14 18:41:00,200.0,1727.07,1730.37,3.3,3,45.17,950.33,EMP-0003,False,
DRW-0000029,PH-003,REG-05,EMP-0059,2026-07-24 14:00:00,2026-07-24 22:45:00,200.0,713.12,713.86,0.74,1,77.7,1413.87,EMP-0045,False,
DRW-0000030,PH-004,REG-01,EMP-0069,2026-05-25 10:02:00,2026-05-25 17:54:00,200.0,1620.05,1619.69,-0.36,3,9.15,862.95,EMP-0079,False,
DRW-0000031,PH-003,REG-04,EMP-0056,2026-06-15 08:00:00,2026-06-15 16:28:00,200.0,571.14,572.94,1.8,1,95.09,749.73,EMP-0047,False,
DRW-0000032,PH-001,REG-01,EMP-0006,2026-05-29 08:19:00,2026-05-29 16:12:00,200.0,1091.34,1095.0,3.66,1,137.85,554.39,EMP-0002,False,
DRW-0000033,PH-005,REG-01,EMP-0090,2026-05-31 12:00:00,2026-05-31 19:59:00,200.0,1187.45,1186.8,-0.65,1,101.26,512.1,EMP-0090,False,
DRW-0000034,PH-004,REG-02,EMP-0067,2026-05-25 14:00:00,2026-05-25 22:44:00,200.0,812.64,808.74,-3.9,5,149.34,1069.62,EMP-0079,False,
DRW-0000035,PH-004,REG-04,EMP-0068,2026-06-30 12:00:00,2026-06-30 20:20:00,200.0,1182.29,1179.56,-2.73,0,95.85,1716.27,EMP-0078,False,
DRW-0000036,PH-004,REG-01,EMP-0086,2026-07-21 10:00:00,2026-07-21 18:38:00,200.0,599.23,600.14,0.91,3,144.37,1154.02,EMP-0067,False,
DRW-0000037,PH-003,REG-05,EMP-0063,2026-06-18 14:00:00,2026-06-18 21:50:00,200.0,1837.97,1839.92,1.95,4,67.35,592.09,EMP-0045,False,
DRW-0000038,PH-001,REG-01,EMP-0018,2026-06-18 08:00:00,2026-06-18 15:48:00,200.0,1901.36,1898.3,-3.06,3,97.4,1063.11,EMP-0001,False,
DRW-0000039,PH-001,REG-01,EMP-0016,2026-05-07 10:00:00,2026-05-07 18:35:00,200.0,1307.67,1304.92,-2.75,3,66.71,1024.58,EMP-0012,False,
DRW-0000040,PH-004,REG-02,EMP-0079,2026-06-06 12:00:00,2026-06-06 19:57:00,200.0,1808.13,1808.93,0.8,1,122.3,328.76,EMP-0069,False,
DRW-0000041,PH-004,REG-01,EMP-0067,2026-07-19 10:00:00,2026-07-19 18:36:00,200.0,882.68,881.28,-1.4,2,34.86,1761.19,EMP-0068,False,
DRW-0000042,PH-004,REG-02,EMP-0078,2026-05-18 08:20:00,2026-05-18 16:18:00,200.0,1732.47,1735.17,2.7,3,64.1,1451.62,EMP-0069,False,
DRW-0000043,PH-001,REG-04,EMP-0002,2026-06-19 12:00:00,2026-06-19 20:11:00,200.0,954.69,957.14,2.45,0,48.08,554.74,EMP-0013,False,
DRW-0000044,PH-004,REG-05,EMP-0067,2026-05-01 08:00:00,2026-05-01 16:11:00,200.0,633.21,629.36,-3.85,2,52.88,576.2,EMP-0067,False,
DRW-0000045,PH-005,REG-04,EMP-0107,2026-07-08 08:12:00,2026-07-08 15:54:00,200.0,610.08,613.19,3.11,4,130.37,686.31,EMP-0100,False,
DRW-0000046,PH-004,REG-01,EMP-0067,2026-06-13 14:00:00,2026-06-13 22:19:00,200.0,1876.96,1877.94,0.98,0,0.85,1321.5,EMP-0079,False,
DRW-0000047,PH-001,REG-01,EMP-0001,2026-05-19 10:00:00,2026-05-19 17:58:00,200.0,773.65,774.61,0.96,2,33.59,1530.68,EMP-0002,False,
DRW-0000048,PH-004,REG-03,EMP-0086,2026-06-11 14:00:00,2026-06-11 22:17:00,200.0,1998.04,1999.45,1.41,4,14.03,1114.33,EMP-0068,False,
DRW-0000049,PH-005,REG-03,EMP-0104,2026-05-23 14:00:00,2026-05-23 22:29:00,200.0,1499.96,1497.02,-2.94,0,9.88,454.61,EMP-0100,False,
DRW-0000050,PH-005,REG-06,EMP-0103,2026-07-31 10:00:00,2026-07-31 18:44:00,200.0,1061.79,1064.89,3.1,2,94.83,652.31,EMP-0100,False,
DRW-0000051,PH-002,REG-05,EMP-0041,2026-06-02 12:01:00,2026-06-02 20:35:00,200.0,1786.03,1784.81,-1.22,1,84.35,653.76,EMP-0035,False,
DRW-0000052,PH-003,REG-01,EMP-0057,2026-05-21 12:00:00,2026-05-21 20:16:00,200.0,948.1,944.28,-3.82,4,100.26,1171.62,EMP-0056,False,
DRW-0000053,PH-003,REG-04,EMP-0046,2026-07-31 10:00:00,2026-07-31 18:19:00,200.0,1770.43,1772.08,1.65,0,114.44,888.71,EMP-0045,False,
DRW-0000054,PH-003,REG-04,EMP-0059,2026-06-10 08:02:00,2026-06-10 16:00:00,200.0,1659.76,1662.03,2.27,0,63.75,1357.74,EMP-0056,False,
DRW-0000055,PH-003,REG-03,EMP-0058,2026-07-01 14:00:00,2026-07-01 22:20:00,200.0,642.51,639.48,-3.03,3,65.71,1584.74,EMP-0046,False,
DRW-0000056,PH-001,REG-06,EMP-0006,2026-07-02 10:00:00,2026-07-02 18:23:00,200.0,654.28,655.12,0.84,2,73.76,319.3,EMP-0013,False,
DRW-0000057,PH-002,REG-02,EMP-0041,2026-06-16 08:00:00,2026-06-16 15:59:00,200.0,1467.97,1464.21,-3.76,0,20.97,935.75,EMP-0025,False,
DRW-0000058,PH-002,REG-06,EMP-0025,2026-06-23 08:00:00,2026-06-23 16:40:00,200.0,707.62,712.47,4.85,2,138.75,923.08,EMP-0024,False,
DRW-0000059,PH-005,REG-01,EMP-0105,2026-06-22 08:06:00,2026-06-22 16:04:00,200.0,1406.08,1409.82,3.74,1,58.76,688.61,EMP-0091,False,
DRW-0000060,PH-005,REG-03,EMP-0090,2026-06-09 12:00:00,2026-06-09 20:15:00,200.0,1585.97,1590.92,4.95,3,125.3,889.26,EMP-0100,False,
DRW-0000061,PH-001,REG-06,EMP-0012,2026-05-29 08:00:00,2026-05-29 16:18:00,200.0,1269.15,1266.89,-2.26,3,77.5,587.63,EMP-0002,False,
DRW-0000062,PH-002,REG-06,EMP-0025,2026-05-31 12:00:00,2026-05-31 19:48:00,200.0,1376.73,1375.33,-1.4,2,82.16,1263.03,EMP-0035,False,
DRW-0000063,PH-002,REG-02,EMP-0037,2026-07-19 08:00:00,2026-07-19 16:06:00,200.0,1851.58,1851.03,-0.55,4,14.47,798.98,EMP-0023,False,
DRW-0000064,PH-003,REG-04,EMP-0060,2026-06-23 08:00:00,2026-06-23 16:21:00,200.0,1806.72,1806.67,-0.05,4,146.78,1175.31,EMP-0045,False,
DRW-0000065,PH-002,REG-02,EMP-0034,2026-05-08 14:00:00,2026-05-08 22:29:00,200.0,997.44,1000.55,3.11,4,107.01,841.59,EMP-0034,False,
DRW-0000066,PH-001,REG-04,EMP-0017,2026-07-15 10:00:00,2026-07-15 18:31:00,200.0,1800.03,1796.42,-3.61,5,111.89,1619.08,EMP-0012,False,
DRW-0000067,PH-001,REG-01,EMP-0003,2026-05-09 08:00:00,2026-05-09 16:16:00,200.0,718.13,722.41,4.28,3,101.02,1227.47,EMP-0013,False,
DRW-0000068,PH-005,REG-05,EMP-0100,2026-06-14 14:00:00,2026-06-14 22:33:00,200.0,1786.06,1782.59,-3.47,4,122.98,1142.23,EMP-0090,False,
DRW-0000069,PH-004,REG-06,EMP-0078,2026-07-16 12:00:00,2026-07-16 20:28:00,200.0,1206.9,1211.07,4.17,5,0.63,1000.36,EMP-0079,False,
DRW-0000070,PH-005,REG-01,EMP-0089,2026-07-26 08:16:00,2026-07-26 16:14:00,200.0,800.98,801.66,0.68,2,89.7,947.66,EMP-0090,False,
DRW-0000071,PH-005,REG-01,EMP-0102,2026-06-12 10:00:00,2026-06-12 17:58:00,200.0,572.8,533.43,-39.37,5,18.17,1070.43,EMP-0091,True,Repeated shortage with elevated no-sale opens
DRW-0000072,PH-005,REG-06,EMP-0104,2026-05-02 14:00:00,2026-05-02 22:42:00,200.0,932.43,933.91,1.48,4,23.99,1784.1,EMP-0100,False,
DRW-0000073,PH-005,REG-03,EMP-0107,2026-05-19 08:00:00,2026-05-19 16:15:00,200.0,1895.26,1898.92,3.66,4,112.88,412.97,EMP-0089,False,
DRW-0000074,PH-005,REG-02,EMP-0100,2026-07-06 10:00:00,2026-07-06 18:32:00,200.0,668.46,670.85,2.39,0,13.36,657.06,EMP-0101,False,
DRW-0000075,PH-004,REG-01,EMP-0086,2026-07-20 14:00:00,2026-07-20 22:44:00,200.0,1254.23,1249.36,-4.87,3,62.37,1567.95,EMP-0067,False,
DRW-0000076,PH-002,REG-05,EMP-0039,2026-05-31 10:00:00,2026-05-31 18:07:00,200.0,1603.96,1604.95,0.99,4,28.89,1532.26,EMP-0023,False,
DRW-0000077,PH-003,REG-04,EMP-0063,2026-06-15 10:00:00,2026-06-15 17:49:00,200.0,1404.96,1403.49,-1.47,2,96.65,1583.71,EMP-0056,False,
DRW-0000078,PH-004,REG-06,EMP-0069,2026-05-17 10:00:00,2026-05-17 18:27:00,200.0,1001.84,998.58,-3.26,1,88.99,1247.62,EMP-0078,False,
DRW-0000079,PH-002,REG-04,EMP-0042,2026-06-03 12:00:00,2026-06-03 20:05:00,200.0,547.53,543.79,-3.74,3,28.95,1012.9,EMP-0024,False,
DRW-0000080,PH-003,REG-06,EMP-0059,2026-05-20 14:00:00,2026-05-20 21:54:00,200.0,1230.74,1226.85,-3.89,5,78.7,1114.24,EMP-0047,False,
DRW-0000081,PH-002,REG-02,EMP-0023,2026-06-24 08:00:00,2026-06-24 15:49:00,200.0,1469.41,1465.01,-4.4,2,113.24,833.71,EMP-0034,False,
DRW-0000082,PH-003,REG-03,EMP-0060,2026-06-01 08:00:00,2026-06-01 15:57:00,200.0,884.04,883.85,-0.19,3,139.13,1085.28,EMP-0047,False,
DRW-0000083,PH-001,REG-03,EMP-0013,2026-06-25 10:12:00,2026-06-25 18:43:00,200.0,1439.68,1439.44,-0.24,2,3.1,1286.15,EMP-0012,False,
DRW-0000084,PH-004,REG-05,EMP-0082,2026-05-22 08:00:00,2026-05-22 15:45:00,200.0,710.1,713.67,3.57,5,96.25,820.92,EMP-0078,False,
DRW-0000085,PH-001,REG-03,EMP-0002,2026-06-19 14:00:00,2026-06-19 22:10:00,200.0,862.71,858.45,-4.26,0,67.13,899.09,EMP-0003,False,
DRW-0000086,PH-002,REG-03,EMP-0025,2026-06-18 08:00:00,2026-06-18 16:36:00,200.0,505.18,502.6,-2.58,1,72.71,1327.53,EMP-0035,False,
DRW-0000087,PH-005,REG-01,EMP-0091,2026-06-26 12:00:00,2026-06-26 20:05:00,200.0,974.48,973.1,-1.38,3,131.09,999.67,EMP-0091,False,
DRW-0000088,PH-003,REG-05,EMP-0059,2026-06-11 08:00:00,2026-06-11 16:25:00,200.0,1725.21,1722.89,-2.32,5,101.07,375.97,EMP-0046,False,
DRW-0000089,PH-005,REG-01,EMP-0100,2026-05-30 14:00:00,2026-05-30 22:04:00,200.0,875.67,873.75,-1.92,5,76.94,1472.28,EMP-0090,False,
DRW-0000090,PH-001,REG-05,EMP-0003,2026-07-26 14:19:00,2026-07-26 22:27:00,200.0,983.48,987.68,4.2,5,64.31,704.91,EMP-0013,False,
DRW-0000091,PH-005,REG-02,EMP-0091,2026-06-17 14:00:00,2026-06-17 22:20:00,200.0,872.43,872.23,-0.2,2,81.95,864.73,EMP-0089,False,
DRW-0000092,PH-005,REG-06,EMP-0105,2026-05-05 08:00:00,2026-05-05 16:19:00,200.0,530.58,533.73,3.15,2,83.55,1609.9,EMP-0091,False,
DRW-0000093,PH-002,REG-06,EMP-0023,2026-06-09 08:00:00,2026-06-09 16:34:00,200.0,634.23,635.48,1.25,1,28.68,1104.32,EMP-0023,False,
DRW-0000094,PH-001,REG-06,EMP-0014,2026-06-15 10:00:00,2026-06-15 18:36:00,200.0,793.99,794.79,0.8,4,13.42,1627.68,EMP-0003,False,
DRW-0000095,PH-005,REG-05,EMP-0102,2026-06-01 08:00:00,2026-06-01 16:32:00,200.0,1253.48,1253.71,0.23,4,43.55,371.41,EMP-0100,False,
DRW-0000096,PH-005,REG-03,EMP-0101,2026-06-09 08:00:00,2026-06-09 16:43:00,200.0,1159.4,1155.25,-4.15,0,5.71,1370.08,EMP-0101,False,
DRW-0000097,PH-005,REG-04,EMP-0089,2026-07-28 12:00:00,2026-07-28 20:26:00,200.0,1264.29,1262.33,-1.96,0,123.19,322.21,EMP-0089,False,
DRW-0000098,PH-003,REG-01,EMP-0047,2026-05-02 10:00:00,2026-05-02 18:34:00,200.0,710.24,707.1,-3.14,0,23.41,1284.07,EMP-0057,False,
DRW-0000099,PH-002,REG-04,EMP-0036,2026-07-12 08:00:00,2026-07-12 16:30:00,200.0,915.47,915.74,0.27,4,79.73,1234.93,EMP-0024,False,
DRW-0000100,PH-001,REG-06,EMP-0014,2026-06-19 14:00:00,2026-06-19 21:56:00,200.0,545.23,548.04,2.81,1,108.86,980.78,EMP-0012,False,
DRW-0000101,PH-003,REG-05,EMP-0046,2026-07-04 12:00:00,2026-07-04 20:38:00,200.0,1871.14,1872.48,1.34,0,57.21,467.14,EMP-0045,False,
DRW-0000102,PH-004,REG-01,EMP-0068,2026-06-15 12:00:00,2026-06-15 20:24:00,200.0,762.73,765.01,2.28,5,3.37,322.57,EMP-0069,False,
DRW-0000103,PH-002,REG-05,EMP-0036,2026-05-29 08:01:00,2026-05-29 16:31:00,200.0,1653.54,1650.2,-3.34,2,129.36,645.57,EMP-0034,False,
DRW-0000104,PH-001,REG-03,EMP-0012,2026-05-27 10:00:00,2026-05-27 18:01:00,200.0,537.15,538.9,1.75,1,22.74,1070.83,EMP-0003,False,
DRW-0000105,PH-002,REG-05,EMP-0025,2026-05-16 14:00:00,2026-05-16 22:18:00,200.0,1988.83,1992.21,3.38,0,97.65,1496.89,EMP-0024,False,
DRW-0000106,PH-003,REG-04,EMP-0063,2026-06-18 14:00:00,2026-06-18 22:07:00,200.0,1950.93,1950.08,-0.85,1,8.99,888.55,EMP-0045,False,
DRW-0000107,PH-004,REG-05,EMP-0085,2026-07-30 10:00:00,2026-07-30 18:17:00,200.0,1142.03,1138.69,-3.34,2,61.45,1321.08,EMP-0069,False,
DRW-0000108,PH-002,REG-04,EMP-0034,2026-06-24 08:00:00,2026-06-24 16:00:00,200.0,549.22,548.05,-1.17,4,117.0,387.91,EMP-0023,False,
DRW-0000109,PH-002,REG-05,EMP-0039,2026-07-07 12:00:00,2026-07-07 20:00:00,200.0,512.81,515.94,3.13,1,148.67,823.3,EMP-0034,False,
DRW-0000110,PH-004,REG-03,EMP-0084,2026-05-23 10:20:00,2026-05-23 17:53:00,200.0,1020.83,1019.88,-0.95,3,123.76,706.92,EMP-0068,False,
DRW-0000111,PH-001,REG-06,EMP-0013,2026-05-17 08:00:00,2026-05-17 16:16:00,200.0,515.44,515.37,-0.07,4,96.78,1312.0,EMP-0003,False,
DRW-0000112,PH-005,REG-04,EMP-0107,2026-07-24 08:00:00,2026-07-24 16:22:00,200.0,871.35,869.52,-1.83,0,128.89,425.31,EMP-0089,False,
DRW-0000113,PH-001,REG-06,EMP-0016,2026-05-08 10:00:00,2026-05-08 18:06:00,200.0,646.52,650.47,3.95,1,80.18,1546.01,EMP-0003,False,
DRW-0000114,PH-004,REG-04,EMP-0085,2026-07-11 10:00:00,2026-07-11 18:44:00,200.0,940.06,940.53,0.47,5,0.09,751.02,EMP-0069,False,
DRW-0000115,PH-003,REG-06,EMP-0059,2026-05-01 08:00:00,2026-05-01 16:29:00,200.0,802.95,807.08,4.13,3,110.04,594.04,EMP-0057,False,
DRW-0000116,PH-002,REG-05,EMP-0042,2026-07-12 12:00:00,2026-07-12 19:46:00,200.0,1654.52,1652.01,-2.51,1,125.73,312.45,EMP-0025,False,
DRW-0000117,PH-003,REG-02,EMP-0063,2026-07-08 14:00:00,2026-07-08 22:05:00,200.0,984.83,988.03,3.2,1,15.08,963.59,EMP-0045,False,
DRW-0000118,PH-004,REG-06,EMP-0078,2026-06-04 10:08:00,2026-06-04 17:56:00,200.0,662.46,666.78,4.32,0,108.85,520.21,EMP-0079,False,
DRW-0000119,PH-003,REG-05,EMP-0064,2026-05-03 14:00:00,2026-05-03 21:58:00,200.0,624.34,628.52,4.18,2,114.96,1538.57,EMP-0057,False,
DRW-0000120,PH-002,REG-05,EMP-0040,2026-07-15 14:00:00,2026-07-15 22:20:00,200.0,1277.05,1272.18,-4.87,5,65.6,321.81,EMP-0034,False,
DRW-0000121,PH-001,REG-04,EMP-0020,2026-05-22 08:00:00,2026-05-22 16:44:00,200.0,668.66,666.78,-1.88,2,23.82,526.76,EMP-0002,False,
DRW-0000122,PH-005,REG-01,EMP-0091,2026-07-20 12:00:00,2026-07-20 19:46:00,200.0,1580.76,1576.32,-4.44,0,80.64,1539.72,EMP-0091,False,
DRW-0000123,PH-005,REG-04,EMP-0108,2026-05-29 14:07:00,2026-05-29 21:50:00,200.0,1210.63,1210.64,0.01,2,139.49,1346.86,EMP-0089,False,
DRW-0000124,PH-001,REG-06,EMP-0012,2026-07-19 08:00:00,2026-07-19 15:56:00,200.0,620.95,625.38,4.43,0,123.41,1019.77,EMP-0003,False,
DRW-0000125,PH-004,REG-03,EMP-0069,2026-06-21 10:10:00,2026-06-21 18:45:00,200.0,1711.26,1710.54,-0.72,0,17.33,893.41,EMP-0079,False,
DRW-0000126,PH-002,REG-02,EMP-0024,2026-05-29 12:00:00,2026-05-29 20:02:00,200.0,615.61,613.91,-1.7,0,82.37,616.97,EMP-0025,False,
DRW-0000127,PH-002,REG-01,EMP-0040,2026-05-30 12:00:00,2026-05-30 20:43:00,200.0,1899.26,1897.83,-1.43,0,34.31,1701.05,EMP-0034,False,
DRW-0000128,PH-005,REG-03,EMP-0107,2026-06-07 10:00:00,2026-06-07 18:20:00,200.0,521.84,517.43,-4.41,0,0.23,1747.32,EMP-0100,False,
DRW-0000129,PH-002,REG-01,EMP-0038,2026-06-18 08:00:00,2026-06-18 15:51:00,200.0,1991.77,1990.47,-1.3,4,92.65,1029.52,EMP-0025,False,
DRW-0000130,PH-002,REG-02,EMP-0039,2026-05-03 08:00:00,2026-05-03 15:57:00,200.0,1305.02,1308.56,3.54,5,58.32,1492.6,EMP-0034,False,
DRW-0000131,PH-003,REG-02,EMP-0057,2026-05-24 08:00:00,2026-05-24 15:57:00,200.0,521.8,517.42,-4.38,3,26.14,729.66,EMP-0047,False,
DRW-0000132,PH-001,REG-04,EMP-0017,2026-06-12 14:00:00,2026-06-12 22:18:00,200.0,535.19,537.05,1.86,0,73.19,1349.36,EMP-0002,False,
DRW-0000133,PH-002,REG-01,EMP-0039,2026-05-07 12:00:00,2026-05-07 20:09:00,200.0,537.41,539.51,2.1,0,52.02,1259.37,EMP-0024,False,
DRW-0000134,PH-005,REG-04,EMP-0107,2026-05-03 08:00:00,2026-05-03 16:06:00,200.0,1490.13,1491.14,1.01,5,68.85,1302.66,EMP-0100,False,
DRW-0000135,PH-001,REG-04,EMP-0015,2026-06-05 10:00:00,2026-06-05 18:13:00,200.0,1233.55,1235.15,1.6,1,93.02,1168.54,EMP-0013,False,
DRW-0000136,PH-001,REG-03,EMP-0019,2026-06-27 10:00:00,2026-06-27 18:08:00,200.0,1051.3,1049.64,-1.66,3,106.4,849.0,EMP-0013,False,
DRW-0000137,PH-005,REG-03,EMP-0090,2026-05-13 10:00:00,2026-05-13 18:44:00,200.0,699.95,700.46,0.51,0,43.32,1331.63,EMP-0090,False,
DRW-0000138,PH-004,REG-01,EMP-0068,2026-06-27 14:00:00,2026-06-27 22:25:00,200.0,1188.58,1191.03,2.45,2,137.1,1100.21,EMP-0068,False,
DRW-0000139,PH-001,REG-06,EMP-0003,2026-07-04 08:00:00,2026-07-04 16:35:00,200.0,1828.8,1824.74,-4.06,0,42.4,774.39,EMP-0002,False,
DRW-0000140,PH-004,REG-02,EMP-0067,2026-05-27 08:00:00,2026-05-27 16:25:00,200.0,892.98,897.7,4.72,4,136.87,1108.9,EMP-0067,False,
DRW-0000141,PH-001,REG-03,EMP-0012,2026-07-07 08:00:00,2026-07-07 16:21:00,200.0,563.1,565.22,2.12,3,128.37,1717.91,EMP-0003,False,
DRW-0000142,PH-005,REG-02,EMP-0091,2026-07-10 08:00:00,2026-07-10 15:58:00,200.0,651.31,654.6,3.29,0,47.18,583.01,EMP-0090,False,
DRW-0000143,PH-002,REG-03,EMP-0035,2026-05-01 14:00:00,2026-05-01 22:33:00,200.0,1222.67,1222.76,0.09,5,65.05,340.07,EMP-0025,False,
DRW-0000144,PH-004,REG-03,EMP-0078,2026-06-16 10:00:00,2026-06-16 18:36:00,200.0,732.97,731.08,-1.89,3,125.5,1630.41,EMP-0069,False,
DRW-0000145,PH-001,REG-01,EMP-0019,2026-06-01 14:00:00,2026-06-01 21:56:00,200.0,1858.53,1854.02,-4.51,1,48.02,345.09,EMP-0013,False,
DRW-0000146,PH-001,REG-04,EMP-0020,2026-06-02 08:00:00,2026-06-02 16:45:00,200.0,1237.09,1239.23,2.14,5,106.28,816.81,EMP-0012,False,
DRW-0000147,PH-001,REG-01,EMP-0006,2026-07-13 12:00:00,2026-07-13 20:03:00,200.0,947.4,943.8,-3.6,5,91.03,1255.47,EMP-0001,False,
DRW-0000148,PH-005,REG-06,EMP-0106,2026-07-31 08:15:00,2026-07-31 16:06:00,200.0,1026.29,1025.07,-1.22,2,105.86,837.76,EMP-0090,False,
DRW-0000149,PH-003,REG-03,EMP-0058,2026-07-11 14:00:00,2026-07-11 22:18:00,200.0,596.74,598.05,1.31,0,26.67,1223.78,EMP-0046,False,
DRW-0000150,PH-001,REG-01,EMP-0003,2026-06-07 10:00:00,2026-06-07 17:50:00,200.0,1790.82,1786.14,-4.68,4,119.01,865.16,EMP-0002,False,
DRW-0000151,PH-004,REG-05,EMP-0086,2026-05-25 12:00:00,2026-05-25 20:21:00,200.0,1274.36,1279.3,4.94,0,139.37,698.4,EMP-0079,False,
DRW-0000152,PH-005,REG-06,EMP-0101,2026-05-23 14:00:00,2026-05-23 21:46:00,200.0,1985.29,1986.46,1.17,4,23.44,1462.23,EMP-0101,False,
DRW-0000153,PH-002,REG-04,EMP-0042,2026-07-11 14:00:00,2026-07-11 22:10:00,200.0,680.55,681.64,1.09,3,112.82,939.41,EMP-0025,False,
DRW-0000154,PH-003,REG-05,EMP-0062,2026-05-10 10:00:00,2026-05-10 18:24:00,200.0,688.97,691.52,2.55,2,111.94,812.05,EMP-0047,False,
DRW-0000155,PH-005,REG-04,EMP-0100,2026-05-05 12:00:00,2026-05-05 20:34:00,200.0,1250.58,1249.11,-1.47,0,26.36,468.17,EMP-0089,False,
DRW-0000156,PH-004,REG-02,EMP-0078,2026-06-09 14:00:00,2026-06-09 22:33:00,200.0,1195.37,1196.34,0.97,2,141.22,1235.01,EMP-0069,False,
DRW-0000157,PH-002,REG-01,EMP-0042,2026-06-29 10:00:00,2026-06-29 18:34:00,200.0,1904.65,1904.09,-0.56,4,136.13,904.17,EMP-0023,False,
DRW-0000158,PH-002,REG-06,EMP-0036,2026-06-24 08:00:00,2026-06-24 16:14:00,200.0,1039.45,1037.11,-2.34,1,142.09,993.14,EMP-0023,False,
DRW-0000159,PH-004,REG-06,EMP-0086,2026-07-10 10:00:00,2026-07-10 18:44:00,200.0,1096.39,1100.57,4.18,0,58.86,876.69,EMP-0079,False,
DRW-0000160,PH-001,REG-04,EMP-0016,2026-05-23 08:00:00,2026-05-23 16:25:00,200.0,1735.25,1731.59,-3.66,5,142.85,1040.83,EMP-0003,False,
DRW-0000161,PH-001,REG-02,EMP-0017,2026-07-19 14:00:00,2026-07-19 22:31:00,200.0,1367.9,1367.07,-0.83,1,65.22,1183.9,EMP-0003,False,
DRW-0000162,PH-002,REG-01,EMP-0036,2026-07-08 08:00:00,2026-07-08 16:44:00,200.0,1464.04,1461.71,-2.33,5,37.09,1121.02,EMP-0024,False,
DRW-0000163,PH-001,REG-04,EMP-0001,2026-07-08 08:00:00,2026-07-08 16:39:00,200.0,1816.95,1816.86,-0.09,5,33.31,1123.38,EMP-0013,False,
DRW-0000164,PH-001,REG-01,EMP-0014,2026-05-02 10:00:00,2026-05-02 18:02:00,200.0,1788.76,1788.12,-0.64,0,70.71,1213.2,EMP-0012,False,
DRW-0000165,PH-001,REG-06,EMP-0001,2026-05-30 14:06:00,2026-05-30 22:24:00,200.0,1559.13,1556.86,-2.27,2,117.73,1364.22,EMP-0001,False,
DRW-0000166,PH-004,REG-02,EMP-0080,2026-07-23 12:00:00,2026-07-23 20:26:00,200.0,529.08,529.04,-0.04,1,11.8,1246.59,EMP-0079,False,
DRW-0000167,PH-005,REG-05,EMP-0105,2026-07-15 10:16:00,2026-07-15 18:25:00,200.0,849.67,846.77,-2.9,5,81.77,1629.58,EMP-0100,False,
DRW-0000168,PH-001,REG-06,EMP-0018,2026-05-31 08:00:00,2026-05-31 16:20:00,200.0,1678.76,1683.18,4.42,1,59.27,958.02,EMP-0013,False,
DRW-0000169,PH-003,REG-01,EMP-0060,2026-07-21 10:00:00,2026-07-21 18:32:00,200.0,1850.74,1854.24,3.5,3,4.99,1041.14,EMP-0045,False,
DRW-0000170,PH-001,REG-01,EMP-0017,2026-06-15 14:00:00,2026-06-15 22:30:00,200.0,1385.58,1388.3,2.72,5,97.28,1515.13,EMP-0003,False,
DRW-0000171,PH-001,REG-04,EMP-0003,2026-06-02 08:00:00,2026-06-02 16:09:00,200.0,1249.33,1252.35,3.02,3,5.74,1553.45,EMP-0002,False,
DRW-0000172,PH-003,REG-02,EMP-0064,2026-07-31 12:00:00,2026-07-31 20:35:00,200.0,1530.55,1534.16,3.61,0,95.6,1568.49,EMP-0046,False,
DRW-0000173,PH-002,REG-05,EMP-0041,2026-06-23 10:00:00,2026-06-23 18:21:00,200.0,570.75,571.43,0.68,1,51.55,1550.65,EMP-0034,False,
DRW-0000174,PH-003,REG-01,EMP-0045,2026-05-02 10:00:00,2026-05-02 17:54:00,200.0,913.02,916.9,3.88,5,146.96,1706.24,EMP-0045,False,
DRW-0000175,PH-002,REG-02,EMP-0039,2026-06-01 10:00:00,2026-06-01 17:57:00,200.0,1156.81,1157.17,0.36,1,75.88,454.27,EMP-0035,False,
DRW-0000176,PH-001,REG-05,EMP-0002,2026-07-26 10:00:00,2026-07-26 17:57:00,200.0,1313.36,1310.32,-3.04,4,94.71,1796.4,EMP-0012,False,
DRW-0000177,PH-003,REG-05,EMP-0057,2026-05-30 08:00:00,2026-05-30 15:59:00,200.0,1951.08,1952.99,1.91,3,133.0,868.16,EMP-0045,False,
DRW-0000178,PH-002,REG-03,EMP-0041,2026-07-01 14:13:00,2026-07-01 22:44:00,200.0,1252.05,1253.0,0.95,0,78.42,610.38,EMP-0024,False,
DRW-0000179,PH-001,REG-05,EMP-0014,2026-07-18 10:20:00,2026-07-18 17:48:00,200.0,808.63,806.66,-1.97,2,126.26,1548.73,EMP-0012,False,
DRW-0000180,PH-003,REG-05,EMP-0061,2026-07-13 10:00:00,2026-07-13 18:26:00,200.0,1216.51,1218.09,1.58,2,104.86,382.78,EMP-0056,False,
DRW-0000181,PH-003,REG-05,EMP-0047,2026-05-22 08:00:00,2026-05-22 15:45:00,200.0,844.58,846.11,1.53,2,103.22,1610.23,EMP-0047,False,
DRW-0000182,PH-003,REG-03,EMP-0045,2026-05-03 08:00:00,2026-05-03 15:57:00,200.0,874.48,878.82,4.34,2,16.96,1289.62,EMP-0056,False,
DRW-0000183,PH-001,REG-01,EMP-0020,2026-07-05 10:00:00,2026-07-05 17:46:00,200.0,1919.83,1922.71,2.88,2,99.21,1571.55,EMP-0003,False,
DRW-0000184,PH-001,REG-02,EMP-0006,2026-05-02 10:00:00,2026-05-02 18:45:00,200.0,916.05,917.08,1.03,2,113.83,1555.45,EMP-0003,False,
DRW-0000185,PH-004,REG-02,EMP-0081,2026-06-10 10:00:00,2026-06-10 18:42:00,200.0,1978.84,1982.58,3.74,4,11.22,483.34,EMP-0069,False,
DRW-0000186,PH-001,REG-02,EMP-0016,2026-06-23 10:00:00,2026-06-23 18:09:00,200.0,1714.89,1710.56,-4.33,3,148.85,561.96,EMP-0001,False,
DRW-0000187,PH-002,REG-02,EMP-0037,2026-06-16 14:00:00,2026-06-16 22:24:00,200.0,689.78,690.59,0.81,0,131.9,735.17,EMP-0024,False,
DRW-0000188,PH-002,REG-01,EMP-0041,2026-07-03 12:00:00,2026-07-03 20:41:00,200.0,1750.93,1750.11,-0.82,5,57.25,1017.51,EMP-0035,False,
DRW-0000189,PH-004,REG-05,EMP-0086,2026-05-15 08:00:00,2026-05-15 16:09:00,200.0,1423.89,1423.59,-0.3,5,74.27,534.0,EMP-0079,False,
DRW-0000190,PH-001,REG-05,EMP-0014,2026-07-01 10:00:00,2026-07-01 17:53:00,200.0,1841.33,1837.27,-4.06,4,136.79,934.77,EMP-0003,False,
DRW-0000191,PH-001,REG-02,EMP-0003,2026-06-15 14:00:00,2026-06-15 21:59:00,200.0,1850.95,1846.69,-4.26,3,61.82,1501.7,EMP-0001,False,
DRW-0000192,PH-002,REG-02,EMP-0024,2026-05-29 10:09:00,2026-05-29 18:12:00,200.0,1385.66,1389.41,3.75,1,55.13,1756.23,EMP-0034,False,
DRW-0000193,PH-004,REG-03,EMP-0086,2026-05-22 14:00:00,2026-05-22 22:13:00,200.0,1098.56,1101.01,2.45,3,32.29,578.83,EMP-0068,False,
DRW-0000194,PH-001,REG-01,EMP-0016,2026-05-24 12:00:00,2026-05-24 19:48:00,200.0,1716.2,1717.47,1.27,1,67.36,1147.79,EMP-0013,False,
DRW-0000195,PH-002,REG-03,EMP-0041,2026-07-25 08:00:00,2026-07-25 15:55:00,200.0,1840.82,1837.29,-3.53,4,46.15,908.21,EMP-0024,False,
DRW-0000196,PH-003,REG-01,EMP-0056,2026-05-17 12:00:00,2026-05-17 20:25:00,200.0,1716.56,1716.25,-0.31,3,71.89,1779.66,EMP-0047,False,
DRW-0000197,PH-005,REG-06,EMP-0107,2026-05-17 08:02:00,2026-05-17 16:26:00,200.0,1839.58,1840.34,0.76,2,125.56,712.45,EMP-0089,False,
DRW-0000198,PH-005,REG-05,EMP-0091,2026-05-11 10:00:00,2026-05-11 18:39:00,200.0,1529.74,1525.57,-4.17,0,106.2,906.17,EMP-0101,False,
DRW-0000199,PH-004,REG-04,EMP-0078,2026-05-16 08:00:00,2026-05-16 16:35:00,200.0,1840.1,1843.78,3.68,0,54.18,1594.39,EMP-0067,False,
DRW-0000200,PH-003,REG-04,EMP-0060,2026-07-02 10:00:00,2026-07-02 18:00:00,200.0,525.13,520.58,-4.55,4,17.34,1215.2,EMP-0056,False,
DRW-0000201,PH-005,REG-01,EMP-0090,2026-06-22 08:00:00,2026-06-22 16:27:00,200.0,595.78,595.89,0.11,0,105.88,1575.46,EMP-0100,False,
DRW-0000202,PH-001,REG-02,EMP-0018,2026-07-05 10:20:00,2026-07-05 18:22:00,200.0,1766.49,1761.87,-4.62,2,88.18,765.07,EMP-0003,False,
DRW-0000203,PH-001,REG-01,EMP-0020,2026-07-17 14:07:00,2026-07-17 21:59:00,200.0,1688.26,1683.34,-4.92,5,70.81,1777.31,EMP-0001,False,
DRW-0000204,PH-004,REG-03,EMP-0085,2026-07-05 14:00:00,2026-07-05 22:35:00,200.0,1787.69,1790.65,2.96,0,80.16,1029.07,EMP-0067,False,
DRW-0000205,PH-001,REG-02,EMP-0001,2026-06-15 12:00:00,2026-06-15 19:53:00,200.0,1142.32,1142.36,0.04,3,29.71,1328.85,EMP-0002,False,
DRW-0000206,PH-002,REG-04,EMP-0041,2026-05-30 08:20:00,2026-05-30 16:31:00,200.0,1330.68,1327.77,-2.91,5,79.37,1520.4,EMP-0025,False,
DRW-0000207,PH-005,REG-01,EMP-0103,2026-06-12 14:00:00,2026-06-12 21:49:00,200.0,1822.98,1825.09,2.11,0,83.11,478.23,EMP-0101,False,
DRW-0000208,PH-005,REG-01,EMP-0100,2026-07-13 10:05:00,2026-07-13 18:31:00,200.0,545.5,545.73,0.23,1,73.31,342.59,EMP-0101,False,
DRW-0000209,PH-005,REG-06,EMP-0101,2026-06-03 14:00:00,2026-06-03 22:28:00,200.0,1427.36,1428.06,0.7,3,116.18,1744.64,EMP-0091,False,
DRW-0000210,PH-002,REG-01,EMP-0024,2026-05-26 08:00:00,2026-05-26 16:25:00,200.0,778.45,780.82,2.37,2,125.01,1746.05,EMP-0023,False,
DRW-0000211,PH-004,REG-06,EMP-0081,2026-07-28 12:00:00,2026-07-28 19:54:00,200.0,1711.79,1709.63,-2.16,1,132.73,1735.15,EMP-0078,False,
DRW-0000212,PH-003,REG-06,EMP-0056,2026-06-09 14:00:00,2026-06-09 22:02:00,200.0,1232.96,1235.82,2.86,5,47.78,1243.69,EMP-0046,False,
DRW-0000213,PH-004,REG-01,EMP-0080,2026-06-08 08:00:00,2026-06-08 16:30:00,200.0,1556.8,1558.46,1.66,1,90.02,408.79,EMP-0069,False,
DRW-0000214,PH-004,REG-04,EMP-0080,2026-05-06 10:11:00,2026-05-06 17:58:00,200.0,1997.9,2000.9,3.0,3,35.0,528.38,EMP-0079,False,
DRW-0000215,PH-002,REG-02,EMP-0035,2026-07-17 10:00:00,2026-07-17 17:51:00,200.0,952.23,948.16,-4.07,1,2.16,1152.15,EMP-0035,False,
DRW-0000216,PH-002,REG-03,EMP-0036,2026-07-13 10:00:00,2026-07-13 17:57:00,200.0,1217.68,1220.67,2.99,0,25.35,1103.84,EMP-0034,False,
DRW-0000217,PH-001,REG-03,EMP-0013,2026-07-15 08:00:00,2026-07-15 15:48:00,200.0,879.28,877.06,-2.22,0,115.21,753.24,EMP-0002,False,
DRW-0000218,PH-002,REG-03,EMP-0035,2026-05-14 10:00:00,2026-05-14 18:45:00,200.0,1662.58,1663.74,1.16,4,36.58,1379.32,EMP-0034,False,
DRW-0000219,PH-004,REG-01,EMP-0083,2026-06-19 12:00:00,2026-06-19 20:39:00,200.0,1265.23,1263.6,-1.63,3,97.88,955.27,EMP-0068,False,
DRW-0000220,PH-001,REG-03,EMP-0016,2026-07-26 14:00:00,2026-07-26 22:35:00,200.0,555.78,552.47,-3.31,2,139.08,478.88,EMP-0003,False,
DRW-0000221,PH-002,REG-04,EMP-0039,2026-06-05 10:00:00,2026-06-05 17:58:00,200.0,1287.9,1286.41,-1.49,4,46.0,1341.74,EMP-0034,False,
DRW-0000222,PH-003,REG-03,EMP-0059,2026-05-29 12:00:00,2026-05-29 19:48:00,200.0,1959.24,1958.86,-0.38,3,51.73,1699.36,EMP-0045,False,
DRW-0000223,PH-003,REG-02,EMP-0046,2026-07-14 12:00:00,2026-07-14 20:11:00,200.0,1503.53,1506.19,2.66,0,11.36,1501.0,EMP-0056,False,
DRW-0000224,PH-005,REG-01,EMP-0089,2026-06-20 10:00:00,2026-06-20 18:14:00,200.0,528.0,532.66,4.66,4,55.98,722.95,EMP-0101,False,
DRW-0000225,PH-003,REG-01,EMP-0056,2026-06-12 10:00:00,2026-06-12 18:24:00,200.0,975.63,979.76,4.13,4,131.07,547.29,EMP-0056,False,
DRW-0000226,PH-002,REG-01,EMP-0034,2026-07-17 12:17:00,2026-07-17 19:59:00,200.0,1540.06,1536.0,-4.06,2,94.67,365.0,EMP-0023,False,
DRW-0000227,PH-005,REG-02,EMP-0102,2026-05-06 08:00:00,2026-05-06 16:06:00,200.0,1183.69,1104.22,-79.47,8,10.98,1086.07,EMP-0090,True,Repeated shortage with elevated no-sale opens
DRW-0000228,PH-001,REG-02,EMP-0013,2026-07-24 10:15:00,2026-07-24 17:50:00,200.0,1579.28,1581.58,2.3,4,14.45,521.27,EMP-0002,False,
DRW-0000229,PH-004,REG-06,EMP-0083,2026-07-09 10:18:00,2026-07-09 17:48:00,200.0,1250.58,1253.5,2.92,1,30.98,1448.81,EMP-0069,False,
DRW-0000230,PH-001,REG-01,EMP-0006,2026-07-23 14:03:00,2026-07-23 22:23:00,200.0,1658.08,1657.18,-0.9,3,101.45,575.04,EMP-0012,False,
DRW-0000231,PH-004,REG-06,EMP-0067,2026-05-28 14:00:00,2026-05-28 21:56:00,200.0,648.66,647.5,-1.16,4,99.6,1582.43,EMP-0067,False,
DRW-0000232,PH-001,REG-01,EMP-0017,2026-06-16 10:00:00,2026-06-16 18:35:00,200.0,1475.22,1474.86,-0.36,4,75.63,1404.86,EMP-0001,False,
DRW-0000233,PH-001,REG-01,EMP-0006,2026-07-14 12:00:00,2026-07-14 20:14:00,200.0,989.49,988.21,-1.28,0,137.12,1218.71,EMP-0012,False,
DRW-0000234,PH-005,REG-03,EMP-0102,2026-05-28 12:02:00,2026-05-28 19:53:00,200.0,1728.56,1690.59,-37.97,6,141.65,738.6,EMP-0101,True,Repeated shortage with elevated no-sale opens
DRW-0000235,PH-004,REG-06,EMP-0086,2026-05-26 14:00:00,2026-05-26 22:11:00,200.0,1520.46,1518.52,-1.94,4,5.76,1764.86,EMP-0078,False,
DRW-0000236,PH-004,REG-03,EMP-0080,2026-05-03 10:00:00,2026-05-03 18:30:00,200.0,1127.04,1125.87,-1.17,3,27.31,349.04,EMP-0079,False,
DRW-0000237,PH-005,REG-01,EMP-0089,2026-07-15 12:00:00,2026-07-15 20:13:00,200.0,1478.61,1481.55,2.94,5,69.96,885.53,EMP-0090,False,
DRW-0000238,PH-002,REG-01,EMP-0037,2026-05-07 08:00:00,2026-05-07 16:17:00,200.0,1971.3,1969.39,-1.91,1,144.38,928.93,EMP-0035,False,
DRW-0000239,PH-003,REG-02,EMP-0056,2026-07-02 10:00:00,2026-07-02 17:56:00,200.0,1030.05,1033.94,3.89,0,86.47,958.48,EMP-0057,False,
DRW-0000240,PH-003,REG-06,EMP-0058,2026-05-02 10:00:00,2026-05-02 17:50:00,200.0,1572.78,1573.37,0.59,5,46.41,439.12,EMP-0046,False,
DRW-0000241,PH-004,REG-03,EMP-0086,2026-07-27 12:00:00,2026-07-27 19:46:00,200.0,1114.77,1117.84,3.07,1,26.98,1315.94,EMP-0079,False,
DRW-0000242,PH-001,REG-04,EMP-0003,2026-06-11 14:00:00,2026-06-11 22:02:00,200.0,1197.45,1198.14,0.69,4,118.78,454.09,EMP-0012,False,
DRW-0000243,PH-005,REG-01,EMP-0103,2026-05-10 12:00:00,2026-05-10 19:58:00,200.0,789.79,790.53,0.74,0,108.33,575.74,EMP-0089,False,
DRW-0000244,PH-004,REG-03,EMP-0085,2026-05-26 08:00:00,2026-05-26 16:14:00,200.0,1092.02,1088.35,-3.67,3,107.58,1096.7,EMP-0067,False,
DRW-0000245,PH-005,REG-03,EMP-0100,2026-07-26 10:00:00,2026-07-26 18:28:00,200.0,1339.55,1344.43,4.88,1,129.62,1541.55,EMP-0089,False,
DRW-0000246,PH-003,REG-02,EMP-0060,2026-06-24 12:00:00,2026-06-24 20:41:00,200.0,1314.11,1312.71,-1.4,2,86.43,1454.83,EMP-0057,False,
DRW-0000247,PH-003,REG-03,EMP-0057,2026-06-06 10:00:00,2026-06-06 18:22:00,200.0,767.85,767.31,-0.54,1,131.04,1002.45,EMP-0057,False,
DRW-0000248,PH-003,REG-06,EMP-0064,2026-06-14 10:00:00,2026-06-14 17:54:00,200.0,1383.42,1384.86,1.44,0,141.56,1111.1,EMP-0056,False,
DRW-0000249,PH-003,REG-02,EMP-0062,2026-06-25 14:16:00,2026-06-25 22:24:00,200.0,1556.39,1554.3,-2.09,0,3.95,861.87,EMP-0057,False,
DRW-0000250,PH-004,REG-05,EMP-0084,2026-06-12 14:00:00,2026-06-12 22:22:00,200.0,1141.9,1145.45,3.55,3,0.05,1731.19,EMP-0069,False,
DRW-0000251,PH-003,REG-03,EMP-0058,2026-07-17 10:00:00,2026-07-17 18:39:00,200.0,1141.46,1143.73,2.27,3,72.54,1688.89,EMP-0046,False,
DRW-0000252,PH-002,REG-06,EMP-0038,2026-07-28 08:00:00,2026-07-28 15:49:00,200.0,682.88,680.74,-2.14,2,116.88,1394.66,EMP-0035,False,
DRW-0000253,PH-003,REG-04,EMP-0064,2026-06-05 12:00:00,2026-06-05 20:39:00,200.0,1469.6,1470.08,0.48,0,143.79,1636.38,EMP-0056,False,
DRW-0000254,PH-003,REG-01,EMP-0046,2026-05-01 08:00:00,2026-05-01 16:25:00,200.0,1079.32,1076.06,-3.26,3,36.92,1030.25,EMP-0056,False,
DRW-0000255,PH-001,REG-04,EMP-0013,2026-05-04 12:00:00,2026-05-04 20:21:00,200.0,1404.25,1408.29,4.04,2,101.32,1176.59,EMP-0002,False,
DRW-0000256,PH-002,REG-02,EMP-0040,2026-06-04 08:00:00,2026-06-04 15:57:00,200.0,931.44,934.1,2.66,5,93.61,762.26,EMP-0025,False,
DRW-0000257,PH-002,REG-05,EMP-0041,2026-06-02 12:00:00,2026-06-02 19:56:00,200.0,540.29,544.8,4.51,5,74.1,792.82,EMP-0034,False,
DRW-0000258,PH-004,REG-02,EMP-0079,2026-07-19 10:00:00,2026-07-19 18:04:00,200.0,897.02,893.43,-3.59,4,30.62,1628.26,EMP-0069,False,
DRW-0000259,PH-001,REG-02,EMP-0002,2026-07-28 08:01:00,2026-07-28 16:24:00,200.0,1772.84,1769.38,-3.46,4,72.5,462.68,EMP-0002,False,
DRW-0000260,PH-002,REG-05,EMP-0038,2026-07-02 14:00:00,2026-07-02 22:38:00,200.0,684.21,686.5,2.29,0,130.61,1217.38,EMP-0034,False,
DRW-0000261,PH-002,REG-03,EMP-0042,2026-05-19 10:12:00,2026-05-19 17:55:00,200.0,877.93,874.23,-3.7,3,26.99,928.77,EMP-0023,False,
DRW-0000262,PH-004,REG-04,EMP-0080,2026-07-26 08:00:00,2026-07-26 16:33:00,200.0,642.68,643.4,0.72,0,111.21,555.1,EMP-0068,False,
DRW-0000263,PH-002,REG-03,EMP-0035,2026-06-27 10:00:00,2026-06-27 18:18:00,200.0,1699.55,1702.72,3.17,1,28.51,1469.01,EMP-0035,False,
DRW-0000264,PH-001,REG-02,EMP-0013,2026-05-02 12:01:00,2026-05-02 19:59:00,200.0,1090.89,1092.94,2.05,3,64.3,1608.95,EMP-0013,False,
DRW-0000265,PH-001,REG-02,EMP-0013,2026-05-29 10:00:00,2026-05-29 17:58:00,200.0,1386.99,1382.43,-4.56,5,83.02,1139.07,EMP-0001,False,
DRW-0000266,PH-002,REG-06,EMP-0040,2026-05-21 10:00:00,2026-05-21 18:13:00,200.0,545.92,544.41,-1.51,2,42.46,369.41,EMP-0023,False,
DRW-0000267,PH-004,REG-05,EMP-0079,2026-06-20 12:08:00,2026-06-20 20:29:00,200.0,1061.47,1059.11,-2.36,2,47.3,1774.16,EMP-0067,False,
DRW-0000268,PH-004,REG-04,EMP-0067,2026-05-07 14:00:00,2026-05-07 22:25:00,200.0,647.47,646.64,-0.83,2,77.05,1251.44,EMP-0068,False,
DRW-0000269,PH-003,REG-02,EMP-0064,2026-06-03 08:00:00,2026-06-03 16:33:00,200.0,1961.93,1965.34,3.41,3,58.81,1542.98,EMP-0045,False,
DRW-0000270,PH-002,REG-02,EMP-0025,2026-05-13 08:00:00,2026-05-13 15:48:00,200.0,1485.98,1485.97,-0.01,1,55.23,877.5,EMP-0023,False,
DRW-0000271,PH-002,REG-01,EMP-0034,2026-07-06 08:06:00,2026-07-06 16:11:00,200.0,1965.0,1966.53,1.53,4,137.52,1101.65,EMP-0035,False,
DRW-0000272,PH-001,REG-01,EMP-0006,2026-06-13 14:00:00,2026-06-13 22:35:00,200.0,1548.79,1552.19,3.4,2,39.52,308.71,EMP-0001,False,
DRW-0000273,PH-005,REG-06,EMP-0101,2026-06-11 12:00:00,2026-06-11 19:51:00,200.0,585.58,581.26,-4.32,1,8.73,838.92,EMP-0091,False,
DRW-0000274,PH-001,REG-02,EMP-0003,2026-05-17 10:02:00,2026-05-17 18:30:00,200.0,1752.34,1747.97,-4.37,3,104.11,1353.67,EMP-0001,False,
DRW-0000275,PH-003,REG-03,EMP-0057,2026-06-07 14:00:00,2026-06-07 21:48:00,200.0,1672.32,1674.52,2.2,1,35.59,1170.77,EMP-0047,False,
DRW-0000276,PH-002,REG-02,EMP-0025,2026-07-21 14:00:00,2026-07-21 22:04:00,200.0,1425.6,1427.95,2.35,5,16.21,907.64,EMP-0023,False,
DRW-0000277,PH-001,REG-03,EMP-0002,2026-07-13 14:00:00,2026-07-13 22:02:00,200.0,1291.1,1291.32,0.22,3,93.63,1489.89,EMP-0001,False,
DRW-0000278,PH-004,REG-05,EMP-0068,2026-07-30 10:00:00,2026-07-30 18:42:00,200.0,1798.57,1800.47,1.9,2,96.38,1673.55,EMP-0067,False,
DRW-0000279,PH-005,REG-06,EMP-0102,2026-05-04 14:00:00,2026-05-04 22:36:00,200.0,1968.12,1969.46,1.34,3,39.5,1185.73,EMP-0091,False,
DRW-0000280,PH-001,REG-02,EMP-0002,2026-06-17 10:00:00,2026-06-17 18:18:00,200.0,1981.1,1976.23,-4.87,0,74.23,310.13,EMP-0001,False,
DRW-0000281,PH-005,REG-04,EMP-0107,2026-05-27 12:00:00,2026-05-27 19:57:00,200.0,926.77,923.03,-3.74,3,4.9,706.15,EMP-0101,False,
DRW-0000282,PH-003,REG-04,EMP-0061,2026-06-04 12:00:00,2026-06-04 19:49:00,200.0,1348.22,1346.39,-1.83,1,0.41,1057.95,EMP-0047,False,
DRW-0000283,PH-004,REG-05,EMP-0084,2026-07-02 14:00:00,2026-07-02 22:00:00,200.0,1371.93,1371.83,-0.1,2,86.72,434.56,EMP-0069,False,
DRW-0000284,PH-003,REG-01,EMP-0063,2026-07-07 14:00:00,2026-07-07 22:01:00,200.0,1333.51,1336.73,3.22,2,7.93,1751.65,EMP-0047,False,
DRW-0000285,PH-003,REG-01,EMP-0057,2026-07-01 12:00:00,2026-07-01 20:16:00,200.0,1404.32,1409.32,5.0,4,138.05,654.12,EMP-0046,False,
DRW-0000286,PH-005,REG-06,EMP-0107,2026-05-23 10:00:00,2026-05-23 17:45:00,200.0,1586.8,1589.29,2.49,2,89.11,1730.03,EMP-0089,False,
DRW-0000287,PH-001,REG-01,EMP-0001,2026-06-02 12:15:00,2026-06-02 19:53:00,200.0,1118.5,1114.41,-4.09,4,144.66,1755.31,EMP-0012,False,
DRW-0000288,PH-004,REG-05,EMP-0080,2026-07-31 12:00:00,2026-07-31 20:44:00,200.0,1064.17,1066.78,2.61,1,63.17,904.76,EMP-0078,False,
DRW-0000289,PH-004,REG-06,EMP-0086,2026-07-23 08:00:00,2026-07-23 16:26:00,200.0,527.76,532.03,4.27,2,104.85,1614.26,EMP-0067,False,
DRW-0000290,PH-005,REG-04,EMP-0089,2026-06-25 08:00:00,2026-06-25 16:38:00,200.0,1512.03,1509.23,-2.8,3,29.79,989.06,EMP-0101,False,
DRW-0000291,PH-003,REG-05,EMP-0060,2026-05-22 10:00:00,2026-05-22 18:07:00,200.0,872.4,874.9,2.5,4,126.01,1728.29,EMP-0057,False,
DRW-0000292,PH-003,REG-06,EMP-0064,2026-05-15 08:00:00,2026-05-15 16:25:00,200.0,702.14,701.33,-0.81,1,120.67,443.82,EMP-0056,False,
DRW-0000293,PH-002,REG-06,EMP-0035,2026-05-07 08:00:00,2026-05-07 15:46:00,200.0,1562.8,1566.4,3.6,4,38.9,887.85,EMP-0024,False,
DRW-0000294,PH-003,REG-02,EMP-0045,2026-05-16 10:00:00,2026-05-16 18:39:00,200.0,622.49,624.62,2.13,3,120.61,1048.91,EMP-0045,False,
DRW-0000295,PH-004,REG-03,EMP-0085,2026-06-19 10:00:00,2026-06-19 18:16:00,200.0,1696.58,1696.42,-0.16,3,42.74,621.51,EMP-0079,False,
DRW-0000296,PH-001,REG-01,EMP-0019,2026-05-25 12:00:00,2026-05-25 19:55:00,200.0,908.24,906.82,-1.42,2,139.44,1765.71,EMP-0012,False,
DRW-0000297,PH-003,REG-06,EMP-0059,2026-07-31 14:00:00,2026-07-31 21:47:00,200.0,1471.0,1470.37,-0.63,5,103.02,493.49,EMP-0047,False,
DRW-0000298,PH-002,REG-04,EMP-0038,2026-07-27 10:00:00,2026-07-27 18:04:00,200.0,855.78,853.23,-2.55,0,65.29,1754.0,EMP-0034,False,
DRW-0000299,PH-004,REG-01,EMP-0081,2026-05-25 14:00:00,2026-05-25 22:31:00,200.0,762.14,764.67,2.53,3,16.1,580.91,EMP-0079,False,
DRW-0000300,PH-001,REG-05,EMP-0002,2026-06-22 10:00:00,2026-06-22 17:57:00,200.0,600.39,595.89,-4.5,1,107.25,1624.74,EMP-0001,False,
DRW-0000301,PH-003,REG-04,EMP-0059,2026-06-25 12:00:00,2026-06-25 19:52:00,200.0,1032.59,1036.98,4.39,2,2.67,1142.0,EMP-0046,False,
DRW-0000302,PH-003,REG-04,EMP-0046,2026-05-18 14:00:00,2026-05-18 22:42:00,200.0,1176.59,1175.16,-1.43,1,85.94,1062.2,EMP-0057,False,
DRW-0000303,PH-004,REG-02,EMP-0084,2026-07-05 14:00:00,2026-07-05 21:45:00,200.0,1911.66,1912.27,0.61,0,37.32,1641.27,EMP-0068,False,
DRW-0000304,PH-003,REG-01,EMP-0047,2026-05-28 08:00:00,2026-05-28 16:02:00,200.0,1884.7,1886.81,2.11,0,51.38,785.75,EMP-0047,False,
DRW-0000305,PH-005,REG-05,EMP-0100,2026-06-06 14:00:00,2026-06-06 22:15:00,200.0,815.06,813.31,-1.75,4,128.86,965.71,EMP-0101,False,
DRW-0000306,PH-004,REG-05,EMP-0068,2026-07-25 12:00:00,2026-07-25 19:47:00,200.0,1966.51,1964.02,-2.49,0,125.05,1272.29,EMP-0067,False,
DRW-0000307,PH-003,REG-03,EMP-0045,2026-06-09 12:16:00,2026-06-09 20:10:00,200.0,1494.56,1494.14,-0.42,2,136.06,417.15,EMP-0056,False,
DRW-0000308,PH-005,REG-04,EMP-0089,2026-07-17 08:16:00,2026-07-17 16:43:00,200.0,1877.17,1876.8,-0.37,3,62.17,1250.58,EMP-0100,False,
DRW-0000309,PH-005,REG-03,EMP-0107,2026-07-11 14:00:00,2026-07-11 22:11:00,200.0,777.37,773.64,-3.73,5,128.04,971.52,EMP-0100,False,
DRW-0000310,PH-004,REG-05,EMP-0069,2026-05-29 08:00:00,2026-05-29 16:29:00,200.0,901.88,904.85,2.97,2,70.04,612.73,EMP-0068,False,
DRW-0000311,PH-001,REG-06,EMP-0001,2026-05-16 08:00:00,2026-05-16 16:13:00,200.0,1505.38,1506.47,1.09,4,31.59,945.21,EMP-0003,False,
DRW-0000312,PH-004,REG-01,EMP-0083,2026-06-07 14:00:00,2026-06-07 22:34:00,200.0,1219.98,1216.61,-3.37,0,76.51,544.1,EMP-0079,False,
DRW-0000313,PH-004,REG-01,EMP-0078,2026-05-28 08:00:00,2026-05-28 16:03:00,200.0,1417.78,1415.8,-1.98,1,72.55,609.38,EMP-0067,False,
DRW-0000314,PH-004,REG-02,EMP-0084,2026-05-27 12:00:00,2026-05-27 20:15:00,200.0,738.83,742.55,3.72,4,123.56,526.2,EMP-0067,False,
DRW-0000315,PH-003,REG-04,EMP-0059,2026-07-12 14:00:00,2026-07-12 21:53:00,200.0,1055.84,1054.23,-1.61,0,100.83,1096.81,EMP-0046,False,
DRW-0000316,PH-001,REG-01,EMP-0015,2026-07-23 12:00:00,2026-07-23 20:36:00,200.0,1451.01,1446.3,-4.71,3,31.85,1155.76,EMP-0002,False,
DRW-0000317,PH-001,REG-02,EMP-0020,2026-06-15 10:00:00,2026-06-15 18:01:00,200.0,674.23,669.36,-4.87,3,73.56,1211.56,EMP-0001,False,
DRW-0000318,PH-002,REG-04,EMP-0025,2026-06-09 08:00:00,2026-06-09 16:40:00,200.0,531.25,529.32,-1.93,2,65.08,418.92,EMP-0023,False,
DRW-0000319,PH-005,REG-02,EMP-0102,2026-05-10 14:00:00,2026-05-10 22:28:00,200.0,1425.25,1425.92,0.67,0,19.58,1383.04,EMP-0101,False,
DRW-0000320,PH-003,REG-04,EMP-0059,2026-06-17 08:00:00,2026-06-17 16:00:00,200.0,914.51,916.23,1.72,2,65.16,477.45,EMP-0057,False,
DRW-0000321,PH-004,REG-01,EMP-0083,2026-06-05 10:00:00,2026-06-05 18:13:00,200.0,932.68,930.63,-2.05,0,11.11,1034.59,EMP-0068,False,
DRW-0000322,PH-003,REG-03,EMP-0064,2026-07-15 10:15:00,2026-07-15 18:38:00,200.0,542.83,539.52,-3.31,4,71.71,1210.16,EMP-0057,False,
DRW-0000323,PH-002,REG-03,EMP-0038,2026-06-12 08:20:00,2026-06-12 16:24:00,200.0,863.42,860.23,-3.19,2,38.15,1009.6,EMP-0023,False,
DRW-0000324,PH-003,REG-04,EMP-0061,2026-06-09 10:00:00,2026-06-09 18:28:00,200.0,1485.92,1486.44,0.52,4,117.69,1176.06,EMP-0046,False,
DRW-0000325,PH-004,REG-02,EMP-0079,2026-05-29 08:00:00,2026-05-29 16:43:00,200.0,1246.67,1244.2,-2.47,4,75.07,551.04,EMP-0067,False,
DRW-0000326,PH-002,REG-05,EMP-0037,2026-07-22 12:17:00,2026-07-22 20:25:00,200.0,1081.84,1078.37,-3.47,3,10.44,1166.02,EMP-0025,False,
DRW-0000327,PH-001,REG-01,EMP-0006,2026-05-11 12:06:00,2026-05-11 20:16:00,200.0,1175.67,1179.14,3.47,4,28.81,300.26,EMP-0001,False,
DRW-0000328,PH-003,REG-06,EMP-0046,2026-06-04 08:00:00,2026-06-04 16:33:00,200.0,1693.69,1693.35,-0.34,0,58.6,807.68,EMP-0056,False,
DRW-0000329,PH-004,REG-02,EMP-0067,2026-05-30 12:00:00,2026-05-30 20:14:00,200.0,574.19,577.04,2.85,4,6.64,328.32,EMP-0068,False,
DRW-0000330,PH-004,REG-06,EMP-0083,2026-07-25 10:00:00,2026-07-25 18:35:00,200.0,547.4,545.81,-1.59,4,45.35,1625.78,EMP-0068,False,
DRW-0000331,PH-005,REG-02,EMP-0100,2026-07-24 10:00:00,2026-07-24 18:37:00,200.0,1614.71,1615.84,1.13,1,38.88,1015.23,EMP-0090,False,
DRW-0000332,PH-001,REG-05,EMP-0002,2026-07-31 08:00:00,2026-07-31 16:39:00,200.0,1862.79,1865.23,2.44,1,51.82,1277.03,EMP-0003,False,
DRW-0000333,PH-001,REG-05,EMP-0018,2026-07-09 08:00:00,2026-07-09 15:58:00,200.0,1278.04,1281.77,3.73,4,117.77,1051.44,EMP-0003,False,
DRW-0000334,PH-002,REG-06,EMP-0037,2026-07-16 10:00:00,2026-07-16 18:04:00,200.0,679.05,678.41,-0.64,0,58.77,424.22,EMP-0035,False,
DRW-0000335,PH-002,REG-04,EMP-0037,2026-05-30 14:00:00,2026-05-30 21:53:00,200.0,1935.46,1937.58,2.12,1,70.38,377.58,EMP-0034,False,
DRW-0000336,PH-004,REG-05,EMP-0082,2026-06-24 10:00:00,2026-06-24 18:21:00,200.0,1971.52,1967.32,-4.2,2,44.04,891.68,EMP-0067,False,
DRW-0000337,PH-002,REG-01,EMP-0042,2026-05-21 14:00:00,2026-05-21 21:53:00,200.0,1839.75,1835.87,-3.88,5,116.44,1494.88,EMP-0034,False,
DRW-0000338,PH-004,REG-02,EMP-0086,2026-05-26 10:00:00,2026-05-26 18:25:00,200.0,541.85,538.99,-2.86,4,44.75,1670.78,EMP-0067,False,
DRW-0000339,PH-002,REG-03,EMP-0042,2026-07-16 12:13:00,2026-07-16 20:15:00,200.0,619.14,623.07,3.93,1,140.66,825.53,EMP-0035,False,
DRW-0000340,PH-004,REG-02,EMP-0086,2026-06-24 10:00:00,2026-06-24 18:37:00,200.0,787.62,791.09,3.47,3,139.13,1406.09,EMP-0079,False,
DRW-0000341,PH-002,REG-06,EMP-0024,2026-07-29 12:00:00,2026-07-29 20:15:00,200.0,1245.31,1240.77,-4.54,4,16.83,633.75,EMP-0035,False,
DRW-0000342,PH-001,REG-04,EMP-0019,2026-06-16 10:00:00,2026-06-16 17:57:00,200.0,1355.79,1352.38,-3.41,1,88.98,725.48,EMP-0012,False,
DRW-0000343,PH-002,REG-04,EMP-0041,2026-06-26 14:00:00,2026-06-26 22:05:00,200.0,964.17,964.02,-0.15,5,148.62,456.02,EMP-0035,False,
DRW-0000344,PH-003,REG-04,EMP-0045,2026-06-12 12:00:00,2026-06-12 20:04:00,200.0,1843.0,1840.17,-2.83,5,146.01,1740.9,EMP-0046,False,
DRW-0000345,PH-005,REG-05,EMP-0105,2026-05-03 14:00:00,2026-05-03 21:48:00,200.0,1556.62,1557.13,0.51,2,42.29,965.7,EMP-0089,False,
DRW-0000346,PH-002,REG-04,EMP-0023,2026-06-09 12:00:00,2026-06-09 19:59:00,200.0,1794.3,1792.55,-1.75,2,95.84,903.19,EMP-0023,False,
DRW-0000347,PH-003,REG-05,EMP-0045,2026-06-09 08:00:00,2026-06-09 16:04:00,200.0,1177.43,1181.36,3.93,5,97.67,1158.49,EMP-0046,False,
DRW-0000348,PH-001,REG-06,EMP-0015,2026-07-01 12:00:00,2026-07-01 20:10:00,200.0,1442.45,1445.91,3.46,1,65.94,384.48,EMP-0013,False,
DRW-0000349,PH-005,REG-04,EMP-0100,2026-07-23 14:17:00,2026-07-23 22:19:00,200.0,1553.23,1551.63,-1.6,3,118.66,527.67,EMP-0090,False,
DRW-0000350,PH-002,REG-03,EMP-0023,2026-06-28 10:00:00,2026-06-28 17:46:00,200.0,1365.94,1369.38,3.44,4,67.63,1615.95,EMP-0035,False,
DRW-0000351,PH-004,REG-01,EMP-0080,2026-05-11 08:00:00,2026-05-11 16:41:00,200.0,1541.08,1539.59,-1.49,2,123.51,654.74,EMP-0069,False,
DRW-0000352,PH-002,REG-06,EMP-0035,2026-07-01 12:00:00,2026-07-01 19:57:00,200.0,531.94,531.53,-0.41,3,18.81,1406.71,EMP-0023,False,
DRW-0000353,PH-005,REG-06,EMP-0106,2026-07-12 12:00:00,2026-07-12 19:56:00,200.0,881.63,877.25,-4.38,0,124.67,623.68,EMP-0091,False,
DRW-0000354,PH-005,REG-04,EMP-0102,2026-06-04 08:00:00,2026-06-04 16:07:00,200.0,1761.8,1760.21,-1.59,4,96.75,740.45,EMP-0090,False,
DRW-0000355,PH-001,REG-04,EMP-0012,2026-07-28 08:00:00,2026-07-28 16:28:00,200.0,1550.27,1548.62,-1.65,5,59.51,997.69,EMP-0012,False,
DRW-0000356,PH-001,REG-03,EMP-0003,2026-07-04 12:00:00,2026-07-04 20:21:00,200.0,502.59,501.64,-0.95,4,67.73,1075.28,EMP-0001,False,
DRW-0000357,PH-001,REG-02,EMP-0020,2026-07-14 08:00:00,2026-07-14 16:28:00,200.0,821.55,820.89,-0.66,5,52.89,366.56,EMP-0003,False,
DRW-0000358,PH-003,REG-04,EMP-0046,2026-06-10 10:00:00,2026-06-10 18:25:00,200.0,1118.96,1116.08,-2.88,1,109.4,1189.41,EMP-0056,False,
DRW-0000359,PH-005,REG-03,EMP-0105,2026-06-27 12:00:00,2026-06-27 20:35:00,200.0,593.06,588.5,-4.56,3,94.27,463.03,EMP-0091,False,
DRW-0000360,PH-004,REG-02,EMP-0083,2026-07-12 10:12:00,2026-07-12 18:17:00,200.0,1704.74,1705.5,0.76,2,7.88,1629.95,EMP-0069,False,
DRW-0000361,PH-002,REG-05,EMP-0042,2026-06-03 12:00:00,2026-06-03 19:55:00,200.0,716.26,719.22,2.96,3,21.33,1798.34,EMP-0025,False,
DRW-0000362,PH-004,REG-02,EMP-0078,2026-06-03 12:18:00,2026-06-03 20:20:00,200.0,974.32,973.86,-0.46,4,140.81,1239.97,EMP-0079,False,
DRW-0000363,PH-001,REG-05,EMP-0002,2026-05-16 12:00:00,2026-05-16 20:13:00,200.0,1850.0,1849.44,-0.56,1,149.07,329.09,EMP-0001,False,
DRW-0000364,PH-004,REG-06,EMP-0086,2026-07-17 10:00:00,2026-07-17 18:39:00,200.0,753.44,750.88,-2.56,4,37.27,875.19,EMP-0069,False,
DRW-0000365,PH-001,REG-04,EMP-0012,2026-06-09 10:00:00,2026-06-09 18:24:00,200.0,1565.81,1567.01,1.2,1,84.79,1647.13,EMP-0012,False,
DRW-0000366,PH-001,REG-06,EMP-0002,2026-06-02 10:00:00,2026-06-02 18:31:00,200.0,1411.21,1410.0,-1.21,2,38.76,638.97,EMP-0012,False,
DRW-0000367,PH-004,REG-02,EMP-0085,2026-05-02 14:00:00,2026-05-02 22:20:00,200.0,1543.62,1542.53,-1.09,3,106.78,1687.04,EMP-0078,False,
DRW-0000368,PH-002,REG-04,EMP-0040,2026-05-11 10:07:00,2026-05-11 18:30:00,200.0,751.56,750.79,-0.77,4,36.12,749.96,EMP-0025,False,
DRW-0000369,PH-005,REG-03,EMP-0105,2026-05-16 10:00:00,2026-05-16 18:08:00,200.0,1997.54,1995.55,-1.99,3,42.38,562.45,EMP-0101,False,
DRW-0000370,PH-003,REG-05,EMP-0058,2026-06-25 10:13:00,2026-06-25 18:24:00,200.0,1069.2,1066.79,-2.41,5,23.87,969.78,EMP-0047,False,
DRW-0000371,PH-001,REG-05,EMP-0018,2026-05-24 14:00:00,2026-05-24 22:13:00,200.0,542.48,538.02,-4.46,3,112.49,1285.85,EMP-0002,False,
DRW-0000372,PH-003,REG-04,EMP-0056,2026-07-21 12:00:00,2026-07-21 20:21:00,200.0,1569.69,1570.02,0.33,2,44.88,1204.67,EMP-0057,False,
DRW-0000373,PH-001,REG-02,EMP-0014,2026-05-16 12:00:00,2026-05-16 20:23:00,200.0,1037.86,1040.98,3.12,5,8.79,1208.92,EMP-0002,False,
DRW-0000374,PH-005,REG-06,EMP-0107,2026-05-30 08:00:00,2026-05-30 16:09:00,200.0,1982.37,1986.55,4.18,5,145.79,1178.97,EMP-0090,False,
DRW-0000375,PH-004,REG-05,EMP-0083,2026-06-01 10:00:00,2026-06-01 18:10:00,200.0,544.04,544.19,0.15,2,116.27,762.56,EMP-0069,False,
DRW-0000376,PH-002,REG-06,EMP-0041,2026-07-19 10:00:00,2026-07-19 18:27:00,200.0,584.44,584.87,0.43,4,39.3,1477.68,EMP-0023,False,
DRW-0000377,PH-001,REG-03,EMP-0017,2026-06-18 10:00:00,2026-06-18 18:37:00,200.0,1440.6,1441.97,1.37,0,113.12,303.8,EMP-0012,False,
DRW-0000378,PH-001,REG-03,EMP-0020,2026-06-18 10:00:00,2026-06-18 18:44:00,200.0,1293.69,1289.44,-4.25,0,70.02,1125.33,EMP-0012,False,
DRW-0000379,PH-002,REG-06,EMP-0041,2026-06-26 10:00:00,2026-06-26 18:04:00,200.0,1034.62,1035.26,0.64,1,86.29,1232.29,EMP-0024,False,
DRW-0000380,PH-004,REG-01,EMP-0068,2026-05-24 08:14:00,2026-05-24 16:44:00,200.0,825.49,822.35,-3.14,0,117.36,1016.94,EMP-0069,False,
DRW-0000381,PH-001,REG-04,EMP-0001,2026-07-16 10:00:00,2026-07-16 18:45:00,200.0,1150.21,1150.73,0.52,0,141.14,1049.7,EMP-0001,False,
DRW-0000382,PH-005,REG-05,EMP-0108,2026-05-14 12:00:00,2026-05-14 20:33:00,200.0,570.42,570.15,-0.27,3,42.32,684.29,EMP-0100,False,
DRW-0000383,PH-002,REG-01,EMP-0038,2026-06-30 10:00:00,2026-06-30 18:39:00,200.0,1467.9,1468.42,0.52,0,149.06,1186.8,EMP-0024,False,
DRW-0000384,PH-004,REG-04,EMP-0086,2026-07-25 12:00:00,2026-07-25 20:18:00,200.0,1749.25,1751.5,2.25,3,128.68,323.61,EMP-0067,False,
DRW-0000385,PH-001,REG-01,EMP-0019,2026-07-04 10:00:00,2026-07-04 18:40:00,200.0,1677.27,1679.08,1.81,0,139.75,829.34,EMP-0001,False,
DRW-0000386,PH-003,REG-05,EMP-0059,2026-07-15 08:15:00,2026-07-15 16:23:00,200.0,1783.32,1786.02,2.7,4,97.12,541.53,EMP-0056,False,
DRW-0000387,PH-002,REG-03,EMP-0039,2026-07-23 08:00:00,2026-07-23 15:54:00,200.0,897.62,901.19,3.57,0,19.39,675.4,EMP-0023,False,
DRW-0000388,PH-004,REG-03,EMP-0085,2026-07-08 10:00:00,2026-07-08 18:24:00,200.0,1641.09,1640.23,-0.86,1,81.17,889.12,EMP-0068,False,
DRW-0000389,PH-004,REG-06,EMP-0068,2026-05-18 14:00:00,2026-05-18 22:07:00,200.0,1699.92,1695.15,-4.77,5,62.66,1410.32,EMP-0078,False,
DRW-0000390,PH-004,REG-04,EMP-0068,2026-06-06 14:00:00,2026-06-06 21:49:00,200.0,1443.0,1441.47,-1.53,2,134.43,333.33,EMP-0067,False,
DRW-0000391,PH-003,REG-04,EMP-0060,2026-06-17 08:00:00,2026-06-17 16:12:00,200.0,1520.45,1520.54,0.09,2,13.84,729.43,EMP-0056,False,
DRW-0000392,PH-005,REG-02,EMP-0103,2026-05-01 08:00:00,2026-05-01 16:16:00,200.0,1709.08,1705.81,-3.27,1,122.39,1454.63,EMP-0089,False,
DRW-0000393,PH-001,REG-03,EMP-0006,2026-05-04 12:00:00,2026-05-04 20:41:00,200.0,1767.49,1772.46,4.97,0,2.81,520.37,EMP-0003,False,
DRW-0000394,PH-003,REG-05,EMP-0063,2026-07-12 14:00:00,2026-07-12 22:14:00,200.0,1892.2,1893.91,1.71,4,37.59,1536.69,EMP-0047,False,
DRW-0000395,PH-001,REG-06,EMP-0003,2026-07-12 14:00:00,2026-07-12 22:21:00,200.0,1613.15,1613.24,0.09,4,87.42,1795.78,EMP-0002,False,
DRW-0000396,PH-003,REG-01,EMP-0046,2026-07-03 14:00:00,2026-07-03 22:30:00,200.0,581.6,585.16,3.56,3,117.81,1045.1,EMP-0057,False,
DRW-0000397,PH-005,REG-06,EMP-0104,2026-07-31 12:00:00,2026-07-31 20:05:00,200.0,1356.12,1358.86,2.74,3,127.61,498.8,EMP-0101,False,
DRW-0000398,PH-001,REG-04,EMP-0020,2026-06-08 12:17:00,2026-06-08 20:07:00,200.0,831.83,836.69,4.86,2,65.32,1633.74,EMP-0003,False,
DRW-0000399,PH-002,REG-05,EMP-0023,2026-06-28 12:00:00,2026-06-28 20:29:00,200.0,843.62,839.26,-4.36,2,118.67,507.62,EMP-0024,False,
DRW-0000400,PH-003,REG-04,EMP-0062,2026-06-27 10:00:00,2026-06-27 18:37:00,200.0,793.16,791.46,-1.7,3,76.53,1788.33,EMP-0046,False,
DRW-0000401,PH-005,REG-06,EMP-0102,2026-05-05 08:00:00,2026-05-05 16:29:00,200.0,589.43,592.18,2.75,4,38.39,986.58,EMP-0100,False,
DRW-0000402,PH-005,REG-01,EMP-0104,2026-05-03 08:00:00,2026-05-03 16:06:00,200.0,1423.98,1428.47,4.49,2,107.17,677.85,EMP-0089,False,
DRW-0000403,PH-003,REG-03,EMP-0058,2026-07-17 12:00:00,2026-07-17 20:19:00,200.0,630.37,635.29,4.92,5,88.27,1378.15,EMP-0057,False,
DRW-0000404,PH-003,REG-04,EMP-0046,2026-06-06 14:00:00,2026-06-06 22:37:00,200.0,837.28,841.86,4.58,0,102.59,374.91,EMP-0056,False,
DRW-0000405,PH-003,REG-03,EMP-0058,2026-06-22 14:00:00,2026-06-22 22:18:00,200.0,1084.49,1088.89,4.4,0,124.59,1721.78,EMP-0046,False,
DRW-0000406,PH-001,REG-02,EMP-0003,2026-05-19 14:00:00,2026-05-19 22:42:00,200.0,1096.25,1095.77,-0.48,0,36.0,1596.35,EMP-0012,False,
DRW-0000407,PH-005,REG-02,EMP-0108,2026-05-24 12:00:00,2026-05-24 20:37:00,200.0,1935.97,1939.49,3.52,3,101.55,1259.08,EMP-0100,False,
DRW-0000408,PH-002,REG-02,EMP-0042,2026-06-13 12:00:00,2026-06-13 19:58:00,200.0,1106.35,1107.79,1.44,1,12.92,1596.04,EMP-0035,False,
DRW-0000409,PH-003,REG-06,EMP-0058,2026-06-22 10:00:00,2026-06-22 18:37:00,200.0,1639.72,1641.41,1.69,4,39.46,912.81,EMP-0057,False,
DRW-0000410,PH-005,REG-04,EMP-0107,2026-06-01 10:00:00,2026-06-01 18:44:00,200.0,1739.54,1740.19,0.65,3,21.68,805.63,EMP-0101,False,
DRW-0000411,PH-004,REG-02,EMP-0083,2026-06-19 10:00:00,2026-06-19 18:29:00,200.0,1481.98,1483.91,1.93,3,20.55,1792.96,EMP-0067,False,
DRW-0000412,PH-003,REG-04,EMP-0056,2026-06-22 10:00:00,2026-06-22 18:29:00,200.0,1822.69,1824.22,1.53,5,110.83,1135.62,EMP-0046,False,
DRW-0000413,PH-001,REG-06,EMP-0003,2026-06-23 12:08:00,2026-06-23 19:46:00,200.0,865.67,870.63,4.96,3,128.34,1155.62,EMP-0001,False,
DRW-0000414,PH-004,REG-02,EMP-0067,2026-05-18 08:00:00,2026-05-18 15:58:00,200.0,1965.56,1968.07,2.51,2,120.57,1614.34,EMP-0069,False,
DRW-0000415,PH-004,REG-02,EMP-0083,2026-05-25 08:00:00,2026-05-25 16:04:00,200.0,1410.08,1406.08,-4.0,3,66.54,923.13,EMP-0079,False,
DRW-0000416,PH-001,REG-01,EMP-0014,2026-05-02 12:00:00,2026-05-02 20:12:00,200.0,724.21,728.74,4.53,1,127.5,783.52,EMP-0012,False,
DRW-0000417,PH-003,REG-06,EMP-0061,2026-07-13 12:00:00,2026-07-13 20:23:00,200.0,1918.28,1920.5,2.22,4,14.35,398.12,EMP-0056,False,
DRW-0000418,PH-001,REG-04,EMP-0003,2026-07-06 12:00:00,2026-07-06 19:52:00,200.0,1307.56,1307.64,0.08,0,104.83,1562.67,EMP-0003,False,
DRW-0000419,PH-001,REG-04,EMP-0003,2026-06-12 14:00:00,2026-06-12 22:14:00,200.0,996.42,998.4,1.98,2,121.97,600.75,EMP-0001,False,
DRW-0000420,PH-003,REG-05,EMP-0058,2026-06-14 14:00:00,2026-06-14 21:45:00,200.0,1526.49,1530.22,3.73,0,146.89,1583.15,EMP-0057,False,
DRW-0000421,PH-002,REG-06,EMP-0025,2026-05-12 10:14:00,2026-05-12 18:12:00,200.0,650.08,651.82,1.74,2,64.64,318.49,EMP-0024,False,
DRW-0000422,PH-001,REG-05,EMP-0003,2026-05-17 12:00:00,2026-05-17 20:26:00,200.0,1419.61,1423.65,4.04,2,67.51,1296.3,EMP-0002,False,
DRW-0000423,PH-005,REG-04,EMP-0089,2026-06-23 12:00:00,2026-06-23 20:21:00,200.0,760.93,765.11,4.18,1,122.25,488.3,EMP-0090,False,
DRW-0000424,PH-001,REG-06,EMP-0006,2026-05-27 10:00:00,2026-05-27 18:09:00,200.0,1428.65,1424.25,-4.4,5,41.84,1598.34,EMP-0012,False,
DRW-0000425,PH-003,REG-06,EMP-0064,2026-07-24 10:00:00,2026-07-24 18:18:00,200.0,1987.25,1985.58,-1.67,3,26.67,1633.44,EMP-0046,False,
DRW-0000426,PH-005,REG-05,EMP-0090,2026-07-01 08:11:00,2026-07-01 16:27:00,200.0,1032.56,1031.05,-1.51,3,76.17,469.15,EMP-0089,False,
DRW-0000427,PH-004,REG-06,EMP-0084,2026-07-08 14:00:00,2026-07-08 22:39:00,200.0,1541.19,1544.92,3.73,3,15.48,1709.44,EMP-0078,False,
DRW-0000428,PH-001,REG-01,EMP-0018,2026-06-04 12:00:00,2026-06-04 20:10:00,200.0,1419.88,1422.22,2.34,1,133.54,1364.2,EMP-0012,False,
DRW-0000429,PH-004,REG-03,EMP-0069,2026-06-09 14:00:00,2026-06-09 21:51:00,200.0,1554.71,1558.72,4.01,2,134.12,321.73,EMP-0079,False,
DRW-0000430,PH-005,REG-01,EMP-0103,2026-07-21 08:00:00,2026-07-21 16:30:00,200.0,1831.01,1831.0,-0.01,4,8.46,959.78,EMP-0091,False,
DRW-0000431,PH-005,REG-03,EMP-0103,2026-06-14 12:00:00,2026-06-14 20:21:00,200.0,1067.08,1069.04,1.96,0,15.62,775.45,EMP-0100,False,
DRW-0000432,PH-005,REG-05,EMP-0104,2026-05-02 14:00:00,2026-05-02 22:34:00,200.0,1384.28,1387.44,3.16,1,55.6,1154.92,EMP-0089,False,
DRW-0000433,PH-004,REG-05,EMP-0084,2026-07-19 10:00:00,2026-07-19 18:27:00,200.0,1784.69,1788.35,3.66,3,99.67,1548.35,EMP-0069,False,
DRW-0000434,PH-001,REG-01,EMP-0019,2026-05-29 10:09:00,2026-05-29 18:29:00,200.0,1641.02,1644.46,3.44,4,146.69,1797.2,EMP-0012,False,
DRW-0000435,PH-004,REG-05,EMP-0068,2026-05-27 12:04:00,2026-05-27 20:22:00,200.0,536.55,540.48,3.93,1,127.71,814.26,EMP-0078,False,
DRW-0000436,PH-001,REG-04,EMP-0020,2026-07-24 12:00:00,2026-07-24 20:35:00,200.0,1720.94,1725.48,4.54,2,3.92,715.88,EMP-0002,False,
DRW-0000437,PH-005,REG-06,EMP-0106,2026-07-16 12:00:00,2026-07-16 20:24:00,200.0,677.2,672.79,-4.41,5,0.04,1244.5,EMP-0091,False,
DRW-0000438,PH-005,REG-05,EMP-0103,2026-07-21 08:17:00,2026-07-21 15:53:00,200.0,713.77,711.67,-2.1,1,56.32,810.97,EMP-0090,False,
DRW-0000439,PH-004,REG-06,EMP-0084,2026-07-18 08:00:00,2026-07-18 16:44:00,200.0,1112.39,1110.11,-2.28,1,49.58,335.0,EMP-0069,False,
DRW-0000440,PH-004,REG-01,EMP-0068,2026-07-11 10:00:00,2026-07-11 18:35:00,200.0,1608.96,1605.53,-3.43,4,135.98,701.8,EMP-0067,False,
DRW-0000441,PH-002,REG-01,EMP-0023,2026-06-10 12:00:00,2026-06-10 20:32:00,200.0,1114.82,1113.39,-1.43,3,94.38,1085.22,EMP-0023,False,
DRW-0000442,PH-002,REG-04,EMP-0040,2026-06-09 14:05:00,2026-06-09 22:44:00,200.0,1853.85,1855.81,1.96,4,39.45,1192.92,EMP-0025,False,
DRW-0000443,PH-004,REG-05,EMP-0069,2026-07-31 12:00:00,2026-07-31 20:44:00,200.0,1378.69,1381.7,3.01,1,42.7,1252.16,EMP-0067,False,
DRW-0000444,PH-001,REG-06,EMP-0003,2026-07-25 10:00:00,2026-07-25 18:25:00,200.0,1670.89,1670.6,-0.29,5,89.31,1412.58,EMP-0012,False,
DRW-0000445,PH-004,REG-04,EMP-0085,2026-06-10 12:00:00,2026-06-10 20:02:00,200.0,1247.91,1247.68,-0.23,3,48.24,995.2,EMP-0079,False,
DRW-0000446,PH-004,REG-01,EMP-0067,2026-05-19 14:00:00,2026-05-19 21:49:00,200.0,961.58,958.28,-3.3,4,21.34,816.85,EMP-0068,False,
DRW-0000447,PH-004,REG-06,EMP-0082,2026-06-14 08:00:00,2026-06-14 15:48:00,200.0,870.04,870.41,0.37,4,84.89,747.39,EMP-0067,False,
DRW-0000448,PH-001,REG-04,EMP-0017,2026-05-24 08:00:00,2026-05-24 16:39:00,200.0,536.49,534.44,-2.05,3,11.78,401.99,EMP-0012,False,
DRW-0000449,PH-003,REG-01,EMP-0059,2026-07-29 10:00:00,2026-07-29 18:34:00,200.0,1658.36,1660.59,2.23,1,91.6,1104.55,EMP-0056,False,
DRW-0000450,PH-005,REG-01,EMP-0105,2026-06-30 08:19:00,2026-06-30 15:54:00,200.0,1017.28,1016.45,-0.83,0,91.83,1358.49,EMP-0090,False,
DRW-0000451,PH-004,REG-01,EMP-0078,2026-05-24 14:00:00,2026-05-24 22:10:00,200.0,1013.88,1015.37,1.49,1,144.36,1428.84,EMP-0067,False,
DRW-0000452,PH-004,REG-01,EMP-0085,2026-05-06 10:00:00,2026-05-06 18:37:00,200.0,1996.06,1999.73,3.67,2,32.49,522.44,EMP-0078,False,
DRW-0000453,PH-005,REG-03,EMP-0102,2026-07-11 10:00:00,2026-07-11 18:23:00,200.0,926.26,889.33,-36.93,6,71.3,494.15,EMP-0091,True,Repeated shortage with elevated no-sale opens
DRW-0000454,PH-003,REG-05,EMP-0046,2026-07-22 12:00:00,2026-07-22 20:37:00,200.0,652.52,653.06,0.54,0,73.94,1325.17,EMP-0045,False,
DRW-0000455,PH-004,REG-06,EMP-0084,2026-05-18 08:00:00,2026-05-18 16:06:00,200.0,1433.15,1434.53,1.38,3,49.41,491.19,EMP-0079,False,
DRW-0000456,PH-004,REG-03,EMP-0068,2026-07-19 10:00:00,2026-07-19 18:09:00,200.0,765.67,770.29,4.62,1,38.24,1783.61,EMP-0067,False,
DRW-0000457,PH-004,REG-02,EMP-0067,2026-07-07 14:00:00,2026-07-07 22:28:00,200.0,1825.46,1828.35,2.89,1,127.64,872.94,EMP-0069,False,
DRW-0000458,PH-005,REG-01,EMP-0089,2026-05-28 08:00:00,2026-05-28 16:43:00,200.0,784.88,784.18,-0.7,0,49.81,754.45,EMP-0091,False,
DRW-0000459,PH-004,REG-03,EMP-0079,2026-07-07 12:00:00,2026-07-07 19:55:00,200.0,1560.69,1556.26,-4.43,1,119.89,1261.31,EMP-0068,False,
DRW-0000460,PH-005,REG-01,EMP-0090,2026-05-04 08:00:00,2026-05-04 15:46:00,200.0,856.3,859.5,3.2,2,106.54,742.88,EMP-0091,False,
DRW-0000461,PH-003,REG-02,EMP-0062,2026-05-15 08:00:00,2026-05-15 16:13:00,200.0,1035.23,1037.38,2.15,1,141.93,1606.09,EMP-0046,False,
DRW-0000462,PH-002,REG-01,EMP-0037,2026-06-30 08:00:00,2026-06-30 16:28:00,200.0,890.17,891.53,1.36,1,89.73,1749.63,EMP-0023,False,
DRW-0000463,PH-004,REG-05,EMP-0067,2026-06-21 08:00:00,2026-06-21 16:41:00,200.0,1699.15,1699.3,0.15,5,15.4,1069.67,EMP-0079,False,
DRW-0000464,PH-002,REG-03,EMP-0023,2026-06-26 14:00:00,2026-06-26 22:41:00,200.0,913.93,917.42,3.49,3,92.47,435.05,EMP-0025,False,
DRW-0000465,PH-003,REG-01,EMP-0056,2026-07-31 12:00:00,2026-07-31 20:25:00,200.0,998.44,996.15,-2.29,3,39.57,1664.63,EMP-0057,False,
DRW-0000466,PH-005,REG-06,EMP-0089,2026-06-21 12:00:00,2026-06-21 20:14:00,200.0,775.21,773.2,-2.01,2,36.1,1788.22,EMP-0089,False,
DRW-0000467,PH-005,REG-05,EMP-0108,2026-07-01 10:00:00,2026-07-01 17:53:00,200.0,1349.82,1350.91,1.09,2,11.08,893.85,EMP-0091,False,
DRW-0000468,PH-005,REG-02,EMP-0105,2026-07-16 08:16:00,2026-07-16 16:03:00,200.0,982.34,979.02,-3.32,0,41.68,477.7,EMP-0100,False,
DRW-0000469,PH-004,REG-03,EMP-0078,2026-05-31 10:00:00,2026-05-31 18:36:00,200.0,503.6,508.42,4.82,2,25.04,992.8,EMP-0079,False,
DRW-0000470,PH-005,REG-03,EMP-0106,2026-07-14 12:00:00,2026-07-14 20:39:00,200.0,1157.31,1157.84,0.53,4,137.16,1037.64,EMP-0089,False,
DRW-0000471,PH-005,REG-04,EMP-0106,2026-06-16 12:00:00,2026-06-16 19:47:00,200.0,1097.44,1098.43,0.99,1,42.64,1252.49,EMP-0101,False,
DRW-0000472,PH-003,REG-01,EMP-0064,2026-05-24 10:01:00,2026-05-24 17:56:00,200.0,1287.84,1287.79,-0.05,4,61.06,722.22,EMP-0045,False,
DRW-0000473,PH-003,REG-04,EMP-0061,2026-05-16 12:00:00,2026-05-16 20:04:00,200.0,1233.68,1228.91,-4.77,2,56.41,439.16,EMP-0056,False,
DRW-0000474,PH-005,REG-06,EMP-0100,2026-07-12 14:00:00,2026-07-12 21:57:00,200.0,1242.73,1245.81,3.08,5,50.04,403.41,EMP-0090,False,
DRW-0000475,PH-004,REG-02,EMP-0067,2026-07-15 14:00:00,2026-07-15 21:56:00,200.0,1328.15,1329.6,1.45,2,106.33,1450.51,EMP-0067,False,
DRW-0000476,PH-004,REG-05,EMP-0080,2026-05-21 12:17:00,2026-05-21 20:15:00,200.0,1308.18,1309.39,1.21,3,126.34,472.62,EMP-0069,False,
DRW-0000477,PH-001,REG-05,EMP-0016,2026-07-31 08:02:00,2026-07-31 16:14:00,200.0,1969.58,1964.94,-4.64,4,12.06,1767.0,EMP-0013,False,
DRW-0000478,PH-003,REG-01,EMP-0061,2026-05-02 12:00:00,2026-05-02 19:47:00,200.0,1863.37,1859.74,-3.63,1,82.64,438.38,EMP-0046,False,
DRW-0000479,PH-001,REG-01,EMP-0001,2026-05-31 14:00:00,2026-05-31 22:09:00,200.0,702.87,700.65,-2.22,0,4.32,1515.42,EMP-0001,False,
DRW-0000480,PH-001,REG-03,EMP-0016,2026-05-17 12:00:00,2026-05-17 20:25:00,200.0,1962.65,1959.72,-2.93,2,51.91,777.03,EMP-0013,False,
DRW-0000481,PH-004,REG-02,EMP-0081,2026-06-20 08:00:00,2026-06-20 16:18:00,200.0,1475.25,1478.62,3.37,3,100.9,1477.23,EMP-0078,False,
DRW-0000482,PH-002,REG-06,EMP-0042,2026-07-13 10:00:00,2026-07-13 18:02:00,200.0,1344.35,1345.51,1.16,4,147.21,1321.92,EMP-0024,False,
DRW-0000483,PH-003,REG-01,EMP-0063,2026-07-04 10:00:00,2026-07-04 17:52:00,200.0,1672.05,1669.28,-2.77,1,38.03,609.5,EMP-0045,False,
DRW-0000484,PH-004,REG-06,EMP-0079,2026-05-22 10:00:00,2026-05-22 18:22:00,200.0,1894.89,1891.76,-3.13,1,92.82,1488.62,EMP-0078,False,
DRW-0000485,PH-002,REG-01,EMP-0037,2026-07-10 14:00:00,2026-07-10 22:31:00,200.0,1390.51,1390.19,-0.32,4,134.98,1305.87,EMP-0023,False,
DRW-0000486,PH-003,REG-02,EMP-0057,2026-05-22 08:00:00,2026-05-22 16:36:00,200.0,851.02,849.92,-1.1,2,134.23,1288.83,EMP-0056,False,
DRW-0000487,PH-002,REG-02,EMP-0037,2026-06-22 12:00:00,2026-06-22 20:31:00,200.0,580.89,582.72,1.83,2,83.35,1561.12,EMP-0035,False,
DRW-0000488,PH-005,REG-03,EMP-0100,2026-07-30 12:00:00,2026-07-30 20:42:00,200.0,1846.17,1844.88,-1.29,4,28.86,1641.4,EMP-0091,False,
DRW-0000489,PH-005,REG-06,EMP-0091,2026-07-17 08:10:00,2026-07-17 16:27:00,200.0,856.21,860.76,4.55,5,71.16,987.85,EMP-0089,False,
DRW-0000490,PH-001,REG-06,EMP-0003,2026-07-30 10:00:00,2026-07-30 18:11:00,200.0,1868.89,1864.03,-4.86,5,65.01,1068.55,EMP-0002,False,
DRW-0000491,PH-004,REG-01,EMP-0086,2026-06-30 08:00:00,2026-06-30 16:28:00,200.0,1230.14,1234.68,4.54,4,77.71,737.88,EMP-0068,False,
DRW-0000492,PH-005,REG-03,EMP-0108,2026-05-18 14:00:00,2026-05-18 21:54:00,200.0,1057.52,1053.09,-4.43,3,14.33,749.89,EMP-0101,False,
DRW-0000493,PH-001,REG-04,EMP-0015,2026-07-12 14:00:00,2026-07-12 22:16:00,200.0,1578.55,1575.47,-3.08,0,145.79,1546.6,EMP-0003,False,
DRW-0000494,PH-002,REG-04,EMP-0039,2026-06-03 14:00:00,2026-06-03 22:27:00,200.0,1757.53,1758.03,0.5,4,148.66,1197.97,EMP-0035,False,
DRW-0000495,PH-005,REG-01,EMP-0103,2026-07-25 10:11:00,2026-07-25 18:39:00,200.0,1318.17,1321.85,3.68,2,105.75,1696.39,EMP-0089,False,
DRW-0000496,PH-002,REG-03,EMP-0024,2026-07-03 10:00:00,2026-07-03 18:41:00,200.0,1400.48,1396.53,-3.95,1,14.86,1471.27,EMP-0025,False,
DRW-0000497,PH-002,REG-04,EMP-0040,2026-06-28 10:00:00,2026-06-28 18:14:00,200.0,882.39,884.14,1.75,5,1.89,1080.04,EMP-0024,False,
DRW-0000498,PH-005,REG-03,EMP-0101,2026-05-14 14:05:00,2026-05-14 21:48:00,200.0,838.56,838.61,0.05,3,5.44,581.66,EMP-0091,False,
DRW-0000499,PH-003,REG-02,EMP-0063,2026-05-26 14:00:00,2026-05-26 22:00:00,200.0,786.79,785.06,-1.73,3,30.34,354.98,EMP-0046,False,
DRW-0000500,PH-002,REG-02,EMP-0037,2026-05-19 14:00:00,2026-05-19 22:10:00,200.0,1890.11,1894.43,4.32,3,17.23,816.06,EMP-0024,False,
DRW-0000501,PH-005,REG-06,EMP-0102,2026-07-19 14:08:00,2026-07-19 22:45:00,200.0,692.36,640.38,-51.98,7,146.16,1227.81,EMP-0100,True,Repeated shortage with elevated no-sale opens
DRW-0000502,PH-004,REG-06,EMP-0068,2026-05-23 14:00:00,2026-05-23 22:36:00,200.0,1948.15,1950.97,2.82,0,31.57,385.55,EMP-0078,False,
DRW-0000503,PH-001,REG-01,EMP-0012,2026-07-04 10:00:00,2026-07-04 18:17:00,200.0,636.16,638.34,2.18,1,68.21,1453.65,EMP-0002,False,
DRW-0000504,PH-004,REG-05,EMP-0078,2026-06-29 14:00:00,2026-06-29 22:41:00,200.0,1744.25,1745.84,1.59,3,100.33,1554.75,EMP-0069,False,
DRW-0000505,PH-003,REG-03,EMP-0063,2026-07-10 12:00:00,2026-07-10 20:24:00,200.0,1357.7,1358.78,1.08,3,147.55,1494.49,EMP-0047,False,
DRW-0000506,PH-003,REG-03,EMP-0060,2026-06-12 12:00:00,2026-06-12 19:55:00,200.0,1951.35,1952.18,0.83,2,109.12,1052.19,EMP-0057,False,
DRW-0000507,PH-002,REG-05,EMP-0035,2026-06-01 12:00:00,2026-06-01 20:13:00,200.0,1209.33,1212.55,3.22,2,40.49,833.6,EMP-0023,False,
DRW-0000508,PH-004,REG-06,EMP-0082,2026-05-07 14:10:00,2026-05-07 22:17:00,200.0,1466.4,1467.37,0.97,2,32.3,689.9,EMP-0079,False,
DRW-0000509,PH-003,REG-03,EMP-0045,2026-05-22 08:00:00,2026-05-22 16:26:00,200.0,1868.88,1864.41,-4.47,1,148.97,1043.48,EMP-0046,False,
DRW-0000510,PH-004,REG-02,EMP-0078,2026-05-23 10:00:00,2026-05-23 18:00:00,200.0,1985.74,1981.49,-4.25,4,130.74,1320.18,EMP-0079,False,
DRW-0000511,PH-005,REG-05,EMP-0101,2026-06-19 08:00:00,2026-06-19 16:19:00,200.0,1798.3,1801.61,3.31,1,80.75,512.46,EMP-0100,False,
DRW-0000512,PH-005,REG-06,EMP-0104,2026-06-25 14:00:00,2026-06-25 22:40:00,200.0,783.08,778.45,-4.63,4,137.79,1657.31,EMP-0091,False,
DRW-0000513,PH-001,REG-01,EMP-0015,2026-07-04 08:00:00,2026-07-04 16:14:00,200.0,1742.82,1743.34,0.52,3,104.01,309.24,EMP-0012,False,
DRW-0000514,PH-001,REG-05,EMP-0018,2026-05-18 10:00:00,2026-05-18 18:37:00,200.0,1094.36,1096.51,2.15,2,28.61,524.19,EMP-0002,False,
DRW-0000515,PH-005,REG-02,EMP-0103,2026-05-14 12:03:00,2026-05-14 19:59:00,200.0,1306.9,1311.31,4.41,4,72.24,722.02,EMP-0100,False,
DRW-0000516,PH-003,REG-06,EMP-0058,2026-07-26 12:00:00,2026-07-26 19:46:00,200.0,706.65,703.37,-3.28,2,139.41,423.32,EMP-0057,False,
DRW-0000517,PH-004,REG-04,EMP-0084,2026-05-15 12:08:00,2026-05-15 19:47:00,200.0,575.1,574.55,-0.55,5,78.38,730.6,EMP-0067,False,
DRW-0000518,PH-004,REG-01,EMP-0069,2026-05-05 10:00:00,2026-05-05 18:08:00,200.0,720.5,722.39,1.89,2,66.46,1429.55,EMP-0069,False,
DRW-0000519,PH-005,REG-05,EMP-0100,2026-07-10 14:00:00,2026-07-10 22:45:00,200.0,1423.98,1420.67,-3.31,4,50.53,900.3,EMP-0101,False,
DRW-0000520,PH-001,REG-05,EMP-0012,2026-05-07 10:00:00,2026-05-07 18:15:00,200.0,926.29,929.09,2.8,0,117.67,1656.07,EMP-0003,False,
DRW-0000521,PH-002,REG-02,EMP-0041,2026-05-01 14:00:00,2026-05-01 22:42:00,200.0,1921.55,1925.25,3.7,4,146.35,1243.73,EMP-0035,False,
DRW-0000522,PH-002,REG-03,EMP-0035,2026-05-22 10:00:00,2026-05-22 18:00:00,200.0,1238.88,1240.35,1.47,5,42.03,1230.01,EMP-0025,False,
DRW-0000523,PH-001,REG-01,EMP-0020,2026-06-18 12:10:00,2026-06-18 19:54:00,200.0,1841.82,1838.97,-2.85,3,33.25,811.4,EMP-0003,False,
DRW-0000524,PH-004,REG-01,EMP-0081,2026-06-17 14:00:00,2026-06-17 21:52:00,200.0,1605.01,1608.57,3.56,2,64.22,851.9,EMP-0068,False,
DRW-0000525,PH-005,REG-06,EMP-0101,2026-05-02 08:00:00,2026-05-02 16:00:00,200.0,782.14,786.32,4.18,1,129.73,810.71,EMP-0090,False,
DRW-0000526,PH-002,REG-06,EMP-0041,2026-06-20 08:00:00,2026-06-20 16:36:00,200.0,1811.87,1816.36,4.49,1,27.03,955.59,EMP-0024,False,
DRW-0000527,PH-001,REG-05,EMP-0012,2026-07-12 08:00:00,2026-07-12 16:23:00,200.0,1780.28,1782.21,1.93,1,140.32,1568.1,EMP-0001,False,
DRW-0000528,PH-005,REG-03,EMP-0108,2026-05-15 14:00:00,2026-05-15 22:36:00,200.0,1338.52,1333.92,-4.6,0,149.59,612.17,EMP-0091,False,
DRW-0000529,PH-005,REG-02,EMP-0100,2026-06-25 08:00:00,2026-06-25 16:38:00,200.0,1790.77,1787.01,-3.76,5,35.22,367.46,EMP-0101,False,
DRW-0000530,PH-001,REG-01,EMP-0017,2026-05-04 14:00:00,2026-05-04 22:05:00,200.0,1263.06,1262.91,-0.15,2,97.59,335.44,EMP-0012,False,
DRW-0000531,PH-003,REG-02,EMP-0058,2026-07-18 14:00:00,2026-07-18 22:18:00,200.0,619.87,623.91,4.04,5,19.25,1090.46,EMP-0046,False,
DRW-0000532,PH-002,REG-05,EMP-0037,2026-06-17 10:00:00,2026-06-17 18:25:00,200.0,1928.93,1926.19,-2.74,1,5.57,1777.91,EMP-0034,False,
DRW-0000533,PH-002,REG-04,EMP-0040,2026-05-08 08:00:00,2026-05-08 16:06:00,200.0,1579.03,1579.22,0.19,4,92.18,452.42,EMP-0024,False,
DRW-0000534,PH-001,REG-05,EMP-0019,2026-06-20 10:15:00,2026-06-20 18:05:00,200.0,1460.47,1464.01,3.54,4,95.68,1419.81,EMP-0003,False,
DRW-0000535,PH-001,REG-02,EMP-0020,2026-05-23 08:00:00,2026-05-23 16:32:00,200.0,857.48,857.41,-0.07,5,10.2,813.24,EMP-0002,False,
DRW-0000536,PH-004,REG-04,EMP-0086,2026-06-13 10:00:00,2026-06-13 17:46:00,200.0,1409.94,1412.11,2.17,3,109.04,1527.81,EMP-0069,False,
DRW-0000537,PH-004,REG-03,EMP-0069,2026-07-23 14:09:00,2026-07-23 22:43:00,200.0,1630.49,1630.26,-0.23,3,143.13,854.21,EMP-0078,False,
DRW-0000538,PH-001,REG-05,EMP-0017,2026-06-04 14:14:00,2026-06-04 21:53:00,200.0,1587.57,1587.03,-0.54,2,86.59,540.69,EMP-0003,False,
DRW-0000539,PH-003,REG-05,EMP-0058,2026-05-28 12:00:00,2026-05-28 20:15:00,200.0,1665.51,1664.31,-1.2,4,52.39,1049.95,EMP-0045,False,
DRW-0000540,PH-005,REG-04,EMP-0091,2026-07-24 12:15:00,2026-07-24 20:10:00,200.0,1187.02,1190.86,3.84,5,139.43,1326.25,EMP-0089,False,
DRW-0000541,PH-004,REG-03,EMP-0079,2026-05-01 14:00:00,2026-05-01 22:39:00,200.0,1335.59,1339.07,3.48,0,26.62,1545.89,EMP-0069,False,
DRW-0000542,PH-003,REG-05,EMP-0057,2026-07-20 14:16:00,2026-07-20 22:10:00,200.0,1943.86,1947.75,3.89,2,36.11,1108.91,EMP-0057,False,
DRW-0000543,PH-001,REG-04,EMP-0002,2026-05-27 12:00:00,2026-05-27 20:38:00,200.0,1408.15,1405.8,-2.35,1,91.72,753.82,EMP-0001,False,
DRW-0000544,PH-005,REG-02,EMP-0090,2026-06-22 08:03:00,2026-06-22 16:39:00,200.0,952.51,950.92,-1.59,5,93.38,1416.04,EMP-0091,False,
DRW-0000545,PH-004,REG-02,EMP-0082,2026-05-11 10:00:00,2026-05-11 18:30:00,200.0,1962.75,1964.77,2.02,1,31.17,1554.15,EMP-0067,False,
DRW-0000546,PH-004,REG-05,EMP-0068,2026-05-13 12:00:00,2026-05-13 20:09:00,200.0,1454.38,1458.87,4.49,1,65.89,1463.21,EMP-0067,False,
DRW-0000547,PH-002,REG-06,EMP-0040,2026-05-19 10:00:00,2026-05-19 17:58:00,200.0,1218.38,1215.34,-3.04,3,108.4,883.56,EMP-0034,False,
DRW-0000548,PH-001,REG-04,EMP-0013,2026-06-27 14:00:00,2026-06-27 21:57:00,200.0,682.95,681.44,-1.51,3,107.07,1781.66,EMP-0003,False,
DRW-0000549,PH-005,REG-05,EMP-0102,2026-07-30 10:00:00,2026-07-30 17:50:00,200.0,1327.84,1211.44,-116.4,5,103.83,493.69,EMP-0091,True,Repeated shortage with elevated no-sale opens
DRW-0000550,PH-005,REG-05,EMP-0107,2026-07-04 12:00:00,2026-07-04 20:05:00,200.0,1708.78,1709.97,1.19,3,117.04,1409.6,EMP-0090,False,
DRW-0000551,PH-001,REG-01,EMP-0020,2026-05-08 12:00:00,2026-05-08 20:01:00,200.0,1052.62,1054.32,1.7,2,55.7,644.79,EMP-0002,False,
DRW-0000552,PH-002,REG-05,EMP-0042,2026-06-04 08:00:00,2026-06-04 16:19:00,200.0,1683.42,1684.02,0.6,5,134.07,1467.52,EMP-0035,False,
DRW-0000553,PH-005,REG-05,EMP-0105,2026-06-02 14:00:00,2026-06-02 22:21:00,200.0,1717.59,1712.79,-4.8,5,92.58,1780.98,EMP-0091,False,
DRW-0000554,PH-003,REG-04,EMP-0059,2026-06-17 14:00:00,2026-06-17 21:45:00,200.0,1730.34,1733.15,2.81,1,113.69,669.06,EMP-0046,False,
DRW-0000555,PH-002,REG-02,EMP-0041,2026-07-12 12:02:00,2026-07-12 20:09:00,200.0,817.23,815.06,-2.17,0,60.95,962.4,EMP-0035,False,
DRW-0000556,PH-003,REG-06,EMP-0061,2026-07-26 14:14:00,2026-07-26 21:59:00,200.0,1389.39,1390.5,1.11,4,52.01,724.26,EMP-0045,False,
DRW-0000557,PH-004,REG-06,EMP-0067,2026-07-01 10:00:00,2026-07-01 17:54:00,200.0,1404.56,1405.64,1.08,0,121.02,1191.43,EMP-0068,False,
DRW-0000558,PH-001,REG-03,EMP-0013,2026-07-16 14:00:00,2026-07-16 22:08:00,200.0,1285.34,1281.17,-4.17,1,109.26,520.86,EMP-0002,False,
DRW-0000559,PH-004,REG-01,EMP-0068,2026-06-06 08:00:00,2026-06-06 16:05:00,200.0,1134.59,1138.66,4.07,3,5.16,563.89,EMP-0078,False,
DRW-0000560,PH-003,REG-01,EMP-0046,2026-05-17 14:06:00,2026-05-17 22:21:00,200.0,1644.92,1647.29,2.37,2,46.24,1121.49,EMP-0047,False,
DRW-0000561,PH-002,REG-03,EMP-0038,2026-05-25 10:00:00,2026-05-25 18:27:00,200.0,1257.77,1257.38,-0.39,2,90.74,1239.4,EMP-0035,False,
DRW-0000562,PH-004,REG-03,EMP-0068,2026-07-10 14:17:00,2026-07-10 22:39:00,200.0,1921.93,1918.83,-3.1,1,88.69,1197.35,EMP-0069,False,
DRW-0000563,PH-002,REG-05,EMP-0034,2026-07-10 10:00:00,2026-07-10 18:26:00,200.0,1489.06,1486.45,-2.61,4,107.0,1224.71,EMP-0034,False,
DRW-0000564,PH-004,REG-01,EMP-0083,2026-07-24 08:00:00,2026-07-24 15:55:00,200.0,1532.58,1535.88,3.3,5,139.67,1323.96,EMP-0067,False,
DRW-0000565,PH-005,REG-01,EMP-0102,2026-05-26 14:00:00,2026-05-26 22:17:00,200.0,1715.56,1691.54,-24.02,11,123.87,777.42,EMP-0089,True,Repeated shortage with elevated no-sale opens
DRW-0000566,PH-003,REG-04,EMP-0062,2026-06-11 12:00:00,2026-06-11 20:16:00,200.0,1199.52,1202.34,2.82,5,92.46,864.91,EMP-0047,False,
DRW-0000567,PH-003,REG-05,EMP-0045,2026-07-17 10:14:00,2026-07-17 17:58:00,200.0,1792.33,1793.11,0.78,0,58.82,857.95,EMP-0057,False,
DRW-0000568,PH-002,REG-06,EMP-0040,2026-07-20 14:00:00,2026-07-20 22:25:00,200.0,1378.54,1375.07,-3.47,3,17.71,1073.9,EMP-0023,False,
