override_id,transaction_id,store_id,employee_id,approving_manager_id,product_id,override_datetime,original_amount,adjusted_amount,discount_amount,discount_percent,override_reason,approval_method,flagged,flag_reason
OVR-000001,TXN-0000040,PH-002,EMP-0034,EMP-0023,PRD-00474,2026-05-13 14:56:11,64.44,41.89,22.55,35.0,Manager price override,Manager PIN,False,
OVR-000002,TXN-0000048,PH-002,EMP-0037,EMP-0023,PRD-00224,2026-06-07 19:33:38,5.6,2.8,2.8,50.0,Manager price override,Manager PIN,True,Discount exceeds 40%
OVR-000003,TXN-0000049,PH-004,EMP-0069,EMP-0078,PRD-00740,2026-07-12 16:56:33,41.75,31.31,10.44,25.0,Manager price override,Manager PIN,False,
OVR-000004,TXN-0000064,PH-002,EMP-0024,EMP-0023,PRD-00102,2026-06-06 18:43:17,73.13,54.85,18.28,25.0,Manager price override,Manager PIN,False,
OVR-000005,TXN-0000095,PH-003,EMP-0057,EMP-0046,PRD-00709,2026-07-26 16:49:31,53.18,26.59,26.59,50.0,Manager price override,Manager PIN,True,Discount exceeds 40%
OVR-000006,TXN-0000143,PH-005,EMP-0106,EMP-0090,PRD-00686,2026-05-13 15:57:18,18.4,13.8,4.6,25.0,Manager price override,Manager PIN,False,
OVR-000007,TXN-0000164,PH-002,EMP-0041,EMP-0023,PRD-00705,2026-05-19 18:02:29,20.34,13.22,7.12,35.0,Manager price override,Manager PIN,False,
OVR-000008,TXN-0000165,PH-005,EMP-0089,EMP-0090,PRD-00032,2026-05-12 20:22:17,33.49,18.42,15.07,45.0,Manager price override,Manager PIN,True,Discount exceeds 40%
OVR-000009,TXN-0000187,PH-002,EMP-0037,EMP-0023,PRD-00272,2026-05-09 19:33:05,60.63,33.35,27.28,45.0,Manager price override,Manager PIN,True,Discount exceeds 40%
OVR-000010,TXN-0000188,PH-003,EMP-0046,EMP-0047,PRD-00741,2026-07-01 18:21:47,18.82,9.41,9.41,50.0,Manager price override,Manager PIN,True,Discount exceeds 40%
OVR-000011,TXN-0000201,PH-002,EMP-0036,EMP-0023,PRD-00146,2026-06-07 10:19:53,37.43,28.07,9.36,25.0,Manager price override,Manager PIN,False,
OVR-000012,TXN-0000214,PH-002,EMP-0040,EMP-0023,PRD-00078,2026-06-09 20:22:46,8.0,5.2,2.8,35.0,Manager price override,Manager PIN,False,
OVR-000013,TXN-0000224,PH-005,EMP-0091,EMP-0089,PRD-00126,2026-06-22 20:37:59,22.49,12.37,10.12,45.0,Manager price override,Manager PIN,True,Discount exceeds 40%
OVR-000014,TXN-0000248,PH-002,EMP-0025,EMP-0023,PRD-00183,2026-06-12 19:57:37,13.05,7.18,5.87,45.0,Manager price override,Manager PIN,True,Discount exceeds 40%
OVR-000015,TXN-0000248,PH-002,EMP-0025,EMP-0023,PRD-00387,2026-06-12 19:57:37,76.1,57.08,19.02,25.0,Manager price override,Manager PIN,False,
OVR-000016,TXN-0000248,PH-002,EMP-0025,EMP-0023,PRD-00139,2026-06-12 19:57:37,25.36,13.95,11.41,45.0,Manager price override,Manager PIN,True,Discount exceeds 40%
OVR-000017,TXN-0000278,PH-002,EMP-0037,EMP-0023,PRD-00038,2026-07-30 20:01:04,56.71,36.86,19.85,35.0,Manager price override,Manager PIN,False,
OVR-000018,TXN-0000278,PH-002,EMP-0037,EMP-0023,PRD-00177,2026-07-30 20:01:04,16.24,10.56,5.68,35.0,Manager price override,Manager PIN,False,
OVR-000019,TXN-0000305,PH-002,EMP-0024,EMP-0023,PRD-00425,2026-07-21 19:34:21,18.63,13.97,4.66,25.0,Manager price override,Manager PIN,False,
OVR-000020,TXN-0000319,PH-001,EMP-0015,EMP-0013,PRD-00345,2026-05-22 21:47:10,3.78,1.89,1.89,50.0,Manager price override,Manager PIN,True,Discount exceeds 40%
OVR-000021,TXN-0000371,PH-002,EMP-0038,EMP-0023,PRD-00297,2026-06-08 20:10:03,12.2,6.71,5.49,45.0,Manager price override,Manager PIN,True,Discount exceeds 40%
OVR-000022,TXN-0000375,PH-002,EMP-0025,EMP-0023,PRD-00033,2026-07-28 20:59:52,62.39,40.55,21.84,35.0,Manager price override,Manager PIN,False,
OVR-000023,TXN-0000413,PH-002,EMP-0036,EMP-0023,PRD-00236,2026-06-04 11:18:09,9.63,4.81,4.82,50.0,Manager price override,Manager PIN,True,Discount exceeds 40%
OVR-000024,TXN-0000446,PH-002,EMP-0035,EMP-0023,PRD-00555,2026-07-10 09:53:12,47.46,30.85,16.61,35.0,Manager price override,Manager PIN,False,
OVR-000025,TXN-0000491,PH-002,EMP-0034,EMP-0023,PRD-00251,2026-07-05 20:02:08,22.63,14.71,7.92,35.0,Manager price override,Manager PIN,False,
OVR-000026,TXN-0000502,PH-004,EMP-0069,EMP-0078,PRD-00323,2026-05-04 08:46:04,56.36,42.27,14.09,25.0,Manager price override,Manager PIN,False,
OVR-000027,TXN-0000505,PH-002,EMP-0035,EMP-0023,PRD-00775,2026-05-31 21:36:41,133.4,66.7,66.7,50.0,Manager price override,Manager PIN,True,Discount exceeds 40%
OVR-000028,TXN-0000516,PH-003,EMP-0063,EMP-0056,PRD-00007,2026-07-26 21:52:33,39.12,25.43,13.69,35.0,Manager price override,Manager PIN,False,
OVR-000029,TXN-0000536,PH-001,EMP-0018,EMP-0001,PRD-00469,2026-05-25 14:41:12,16.18,8.09,8.09,50.0,Manager price override,Manager PIN,True,Discount exceeds 40%
OVR-000030,TXN-0000539,PH-001,EMP-0020,EMP-0002,PRD-00783,2026-06-24 20:02:04,34.42,25.81,8.61,25.0,Manager price override,Manager PIN,False,
OVR-000031,TXN-0000540,PH-002,EMP-0039,EMP-0023,PRD-00192,2026-06-18 21:20:33,66.69,43.35,23.34,35.0,Manager price override,Manager PIN,False,
OVR-000032,TXN-0000540,PH-002,EMP-0039,EMP-0023,PRD-00468,2026-06-18 21:20:33,3.33,1.66,1.67,50.0,Manager price override,Manager PIN,True,Discount exceeds 40%
OVR-000033,TXN-0000541,PH-001,EMP-0016,EMP-0003,PRD-00439,2026-07-22 17:41:56,17.79,11.56,6.23,35.0,Manager price override,Manager PIN,False,
OVR-000034,TXN-0000542,PH-003,EMP-0045,EMP-0045,PRD-00090,2026-06-07 09:31:15,33.54,18.45,15.09,45.0,Manager price override,Manager PIN,True,Discount exceeds 40%
OVR-000035,TXN-0000544,PH-003,EMP-0063,EMP-0047,PRD-00573,2026-06-08 21:47:18,9.34,4.67,4.67,50.0,Manager price override,Manager PIN,True,Discount exceeds 40%
OVR-000036,TXN-0000572,PH-003,EMP-0058,EMP-0056,PRD-00239,2026-06-08 08:55:56,29.78,22.33,7.45,25.0,Manager price override,Manager PIN,False,
OVR-000037,TXN-0000599,PH-002,EMP-0042,EMP-0023,PRD-00444,2026-05-14 21:19:24,43.83,32.87,10.96,25.0,Manager price override,Manager PIN,False,
OVR-000038,TXN-0000612,PH-002,EMP-0035,EMP-0023,PRD-00617,2026-07-02 21:50:08,1.86,1.21,0.65,35.0,Manager price override,Manager PIN,False,
OVR-000039,TXN-0000625,PH-005,EMP-0103,EMP-0089,PRD-00706,2026-05-12 10:49:13,43.47,23.91,19.56,45.0,Manager price override,Manager PIN,True,Discount exceeds 40%
OVR-000040,TXN-0000659,PH-005,EMP-0090,EMP-0091,PRD-00534,2026-05-07 09:02:21,60.0,39.0,21.0,35.0,Manager price override,Manager PIN,False,
OVR-000041,TXN-0000660,PH-002,EMP-0034,EMP-0023,PRD-00021,2026-05-06 16:11:42,51.34,33.37,17.97,35.0,Manager price override,Manager PIN,False,
OVR-000042,TXN-0000686,PH-004,EMP-0084,EMP-0079,PRD-00141,2026-06-22 10:03:36,53.49,29.42,24.07,45.0,Manager price override,Manager PIN,True,Discount exceeds 40%
OVR-000043,TXN-0000737,PH-002,EMP-0023,EMP-0023,PRD-00132,2026-07-31 20:45:40,24.08,12.04,12.04,50.0,Manager price override,Manager PIN,True,Discount exceeds 40%
OVR-000044,TXN-0000744,PH-002,EMP-0025,EMP-0023,PRD-00498,2026-05-21 19:01:50,67.86,44.11,23.75,35.0,Manager price override,Manager PIN,False,
OVR-000045,TXN-0000753,PH-005,EMP-0100,EMP-0089,PRD-00481,2026-05-11 13:49:30,36.76,27.57,9.19,25.0,Manager price override,Manager PIN,False,
OVR-000046,TXN-0000766,PH-001,EMP-0002,EMP-0002,PRD-00254,2026-07-24 08:39:41,7.67,3.84,3.83,50.0,Manager price override,Manager PIN,True,Discount exceeds 40%
OVR-000047,TXN-0000773,PH-003,EMP-0059,EMP-0045,PRD-00216,2026-06-29 15:34:03,10.98,6.04,4.94,45.0,Manager price override,Manager PIN,True,Discount exceeds 40%
OVR-000048,TXN-0000779,PH-004,EMP-0086,EMP-0068,PRD-00764,2026-05-29 08:00:38,16.66,9.16,7.5,45.0,Manager price override,Manager PIN,True,Discount exceeds 40%
OVR-000049,TXN-0000780,PH-002,EMP-0024,EMP-0023,PRD-00051,2026-07-13 10:08:46,32.69,16.35,16.34,50.0,Manager price override,Manager PIN,True,Discount exceeds 40%
OVR-000050,TXN-0000802,PH-002,EMP-0039,EMP-0023,PRD-00362,2026-06-25 14:33:18,45.52,34.14,11.38,25.0,Manager price override,Manager PIN,False,
OVR-000051,TXN-0000802,PH-002,EMP-0039,EMP-0023,PRD-00664,2026-06-25 14:33:18,3.87,1.93,1.94,50.0,Manager price override,Manager PIN,True,Discount exceeds 40%
OVR-000052,TXN-0000803,PH-002,EMP-0034,EMP-0023,PRD-00113,2026-06-21 16:07:37,42.49,31.87,10.62,25.0,Manager price override,Manager PIN,False,
OVR-000053,TXN-0000819,PH-001,EMP-0013,EMP-0002,PRD-00468,2026-06-11 20:18:27,3.33,2.16,1.17,35.0,Manager price override,Manager PIN,False,
OVR-000054,TXN-0000828,PH-002,EMP-0037,EMP-0023,PRD-00172,2026-05-15 19:27:19,57.61,43.21,14.4,25.0,Manager price override,Manager PIN,False,
OVR-000055,TXN-0000828,PH-002,EMP-0037,EMP-0023,PRD-00564,2026-05-15 19:27:19,9.78,4.89,4.89,50.0,Manager price override,Manager PIN,True,Discount exceeds 40%
OVR-000056,TXN-0000856,PH-004,EMP-0069,EMP-0068,PRD-00402,2026-05-09 17:29:15,11.4,7.41,3.99,35.0,Manager price override,Manager PIN,False,
OVR-000057,TXN-0000864,PH-002,EMP-0039,EMP-0023,PRD-00646,2026-06-14 20:52:27,164.88,123.66,41.22,25.0,Manager price override,Manager PIN,False,
OVR-000058,TXN-0000864,PH-002,EMP-0039,EMP-0023,PRD-00736,2026-06-14 20:52:27,35.78,17.89,17.89,50.0,Manager price override,Manager PIN,True,Discount exceeds 40%
OVR-000059,TXN-0000868,PH-004,EMP-0084,EMP-0069,PRD-00403,2026-07-14 17:36:13,41.71,20.85,20.86,50.0,Manager price override,Manager PIN,True,Discount exceeds 40%
OVR-000060,TXN-0000870,PH-005,EMP-0103,EMP-0090,PRD-00441,2026-07-03 20:30:39,54.7,41.02,13.68,25.0,Manager price override,Manager PIN,False,
OVR-000061,TXN-0000915,PH-005,EMP-0107,EMP-0089,PRD-00428,2026-07-19 12:49:49,147.39,110.54,36.85,25.0,Manager price override,Manager PIN,False,
OVR-000062,TXN-0000939,PH-002,EMP-0036,EMP-0023,PRD-00557,2026-07-19 20:25:08,6.71,5.03,1.68,25.0,Manager price override,Manager PIN,False,
OVR-000063,TXN-0000939,PH-002,EMP-0036,EMP-0023,PRD-00693,2026-07-19 20:25:08,29.63,22.22,7.41,25.0,Manager price override,Manager PIN,False,
OVR-000064,TXN-0000955,PH-005,EMP-0100,EMP-0100,PRD-00436,2026-07-08 11:12:59,38.63,28.97,9.66,25.0,Manager price override,Manager PIN,False,
OVR-000065,TXN-0000961,PH-005,EMP-0089,EMP-0101,PRD-00176,2026-07-26 20:58:43,13.68,7.52,6.16,45.0,Manager price override,Manager PIN,True,Discount exceeds 40%
OVR-000066,TXN-0000987,PH-002,EMP-0036,EMP-0023,PRD-00437,2026-06-10 19:18:10,33.77,21.95,11.82,35.0,Manager price override,Manager PIN,False,
OVR-000067,TXN-0000987,PH-002,EMP-0036,EMP-0023,PRD-00128,2026-06-10 19:18:10,20.28,10.14,10.14,50.0,Manager price override,Manager PIN,True,Discount exceeds 40%
OVR-000068,TXN-0000988,PH-002,EMP-0035,EMP-0023,PRD-00626,2026-07-20 12:48:46,157.92,102.65,55.27,35.0,Manager price override,Manager PIN,False,
OVR-000069,TXN-0001028,PH-002,EMP-0039,EMP-0023,PRD-00719,2026-07-09 11:21:48,7.83,3.91,3.92,50.0,Manager price override,Manager PIN,True,Discount exceeds 40%
OVR-000070,TXN-0001054,PH-005,EMP-0107,EMP-0100,PRD-00045,2026-05-12 08:01:19,25.07,12.53,12.54,50.0,Manager price override,Manager PIN,True,Discount exceeds 40%
OVR-000071,TXN-0001057,PH-005,EMP-0103,EMP-0100,PRD-00279,2026-05-21 08:14:41,32.39,21.05,11.34,35.0,Manager price override,Manager PIN,False,
OVR-000072,TXN-0001059,PH-002,EMP-0025,EMP-0023,PRD-00675,2026-07-17 18:51:08,46.08,29.95,16.13,35.0,Manager price override,Manager PIN,False,
OVR-000073,TXN-0001106,PH-005,EMP-0103,EMP-0090,PRD-00538,2026-07-14 13:13:05,43.36,28.18,15.18,35.0,Manager price override,Manager PIN,False,
OVR-000074,TXN-0001112,PH-005,EMP-0100,EMP-0089,PRD-00646,2026-07-15 18:12:24,164.88,82.44,82.44,50.0,Manager price override,Manager PIN,True,Discount exceeds 40%
OVR-000075,TXN-0001133,PH-005,EMP-0103,EMP-0100,PRD-00265,2026-05-13 20:31:39,28.83,21.62,7.21,25.0,Manager price override,Manager PIN,False,
OVR-000076,TXN-0001136,PH-005,EMP-0089,EMP-0089,PRD-00633,2026-06-17 20:24:05,25.82,16.78,9.04,35.0,Manager price override,Manager PIN,False,
OVR-000077,TXN-0001154,PH-004,EMP-0085,EMP-0078,PRD-00288,2026-07-03 11:28:02,25.39,13.96,11.43,45.0,Manager price override,Manager PIN,True,Discount exceeds 40%
OVR-000078,TXN-0001184,PH-005,EMP-0103,EMP-0091,PRD-00180,2026-07-06 19:50:19,56.67,28.33,28.34,50.0,Manager price override,Manager PIN,True,Discount exceeds 40%
OVR-000079,TXN-0001221,PH-002,EMP-0024,EMP-0023,PRD-00009,2026-06-04 14:30:08,71.26,35.63,35.63,50.0,Manager price override,Manager PIN,True,Discount exceeds 40%
OVR-000080,TXN-0001257,PH-002,EMP-0024,EMP-0023,PRD-00068,2026-05-05 18:24:53,43.22,21.61,21.61,50.0,Manager price override,Manager PIN,True,Discount exceeds 40%
OVR-000081,TXN-0001258,PH-002,EMP-0023,EMP-0023,PRD-00182,2026-07-12 19:36:23,22.01,16.51,5.5,25.0,Manager price override,Manager PIN,False,
OVR-000082,TXN-0001260,PH-003,EMP-0064,EMP-0057,PRD-00780,2026-05-28 20:58:13,48.48,26.66,21.82,45.0,Manager price override,Manager PIN,True,Discount exceeds 40%
OVR-000083,TXN-0001263,PH-002,EMP-0042,EMP-0023,PRD-00110,2026-07-19 19:09:34,41.9,23.04,18.86,45.0,Manager price override,Manager PIN,True,Discount exceeds 40%
OVR-000084,TXN-0001268,PH-002,EMP-0037,EMP-0023,PRD-00441,2026-05-25 09:05:27,164.1,90.25,73.85,45.0,Manager price override,Manager PIN,True,Discount exceeds 40%
OVR-000085,TXN-0001307,PH-003,EMP-0047,EMP-0047,PRD-00182,2026-06-17 13:22:12,22.01,12.11,9.9,45.0,Manager price override,Manager PIN,True,Discount exceeds 40%
OVR-000086,TXN-0001312,PH-005,EMP-0106,EMP-0100,PRD-00502,2026-05-10 15:51:06,72.16,39.69,32.47,45.0,Manager price override,Manager PIN,True,Discount exceeds 40%
OVR-000087,TXN-0001353,PH-002,EMP-0040,EMP-0023,PRD-00430,2026-07-21 13:49:12,51.17,25.58,25.59,50.0,Manager price override,Manager PIN,True,Discount exceeds 40%
OVR-000088,TXN-0001377,PH-002,EMP-0035,EMP-0023,PRD-00382,2026-05-10 20:14:44,47.09,30.61,16.48,35.0,Manager price override,Manager PIN,False,
OVR-000089,TXN-0001395,PH-002,EMP-0038,EMP-0023,PRD-00692,2026-07-28 09:51:08,8.62,4.74,3.88,45.0,Manager price override,Manager PIN,True,Discount exceeds 40%
OVR-000090,TXN-0001400,PH-004,EMP-0068,EMP-0078,PRD-00684,2026-05-15 17:19:21,101.8,66.17,35.63,35.0,Manager price override,Manager PIN,False,
OVR-000091,TXN-0001410,PH-003,EMP-0059,EMP-0047,PRD-00791,2026-07-20 20:59:11,55.02,27.51,27.51,50.0,Manager price override,Manager PIN,True,Discount exceeds 40%
OVR-000092,TXN-0001412,PH-005,EMP-0102,EMP-0091,PRD-00381,2026-05-07 19:18:53,2.8,1.82,0.98,35.0,Manager price override,Manager PIN,False,
OVR-000093,TXN-0001417,PH-002,EMP-0035,EMP-0023,PRD-00121,2026-05-12 19:30:50,20.59,13.38,7.21,35.0,Manager price override,Manager PIN,False,
OVR-000094,TXN-0001441,PH-004,EMP-0069,EMP-0068,PRD-00304,2026-05-28 13:21:32,51.53,33.49,18.04,35.0,Manager price override,Manager PIN,False,
OVR-000095,TXN-0001462,PH-002,EMP-0040,EMP-0023,PRD-00547,2026-06-01 19:36:37,10.22,6.64,3.58,35.0,Manager price override,Manager PIN,False,
OVR-000096,TXN-0001464,PH-004,EMP-0081,EMP-0079,PRD-00008,2026-06-04 13:59:02,201.72,131.12,70.6,35.0,Manager price override,Manager PIN,False,
OVR-000097,TXN-0001522,PH-003,EMP-0063,EMP-0045,PRD-00173,2026-07-11 09:53:40,112.84,73.35,39.49,35.0,Manager price override,Manager PIN,False,
OVR-000098,TXN-0001538,PH-002,EMP-0042,EMP-0023,PRD-00605,2026-06-22 08:58:01,48.56,36.42,12.14,25.0,Manager price override,Manager PIN,False,
OVR-000099,TXN-0001540,PH-002,EMP-0041,EMP-0023,PRD-00225,2026-05-23 10:22:22,44.75,24.61,20.14,45.0,Manager price override,Manager PIN,True,Discount exceeds 40%
OVR-000100,TXN-0001543,PH-003,EMP-0059,EMP-0046,PRD-00272,2026-07-06 15:40:15,60.63,30.31,30.32,50.0,Manager price override,Manager PIN,True,Discount exceeds 40%
OVR-000101,TXN-0001545,PH-001,EMP-0015,EMP-0003,PRD-00785,2026-06-26 13:55:32,12.52,8.14,4.38,35.0,Manager price override,Manager PIN,False,
OVR-000102,TXN-0001550,PH-002,EMP-0040,EMP-0023,PRD-00117,2026-06-15 08:56:22,171.03,85.51,85.52,50.0,Manager price override,Manager PIN,True,Discount exceeds 40%
OVR-000103,TXN-0001615,PH-002,EMP-0024,EMP-0023,PRD-00634,2026-05-04 15:22:04,28.09,21.07,7.02,25.0,Manager price override,Manager PIN,False,
OVR-000104,TXN-0001619,PH-002,EMP-0037,EMP-0023,PRD-00676,2026-06-30 20:57:13,55.35,41.51,13.84,25.0,Manager price override,Manager PIN,False,
OVR-000105,TXN-0001640,PH-005,EMP-0103,EMP-0091,PRD-00453,2026-07-07 08:35:25,72.19,46.92,25.27,35.0,Manager price override,Manager PIN,False,
OVR-000106,TXN-0001663,PH-002,EMP-0039,EMP-0023,PRD-00679,2026-07-08 18:58:18,46.75,35.06,11.69,25.0,Manager price override,Manager PIN,False,
OVR-000107,TXN-0001664,PH-002,EMP-0023,EMP-0023,PRD-00663,2026-07-24 17:43:02,27.78,18.06,9.72,35.0,Manager price override,Manager PIN,False,
OVR-000108,TXN-0001664,PH-002,EMP-0023,EMP-0023,PRD-00037,2026-07-24 17:43:02,56.96,28.48,28.48,50.0,Manager price override,Manager PIN,True,Discount exceeds 40%
OVR-000109,TXN-0001693,PH-003,EMP-0045,EMP-0057,PRD-00076,2026-07-27 10:00:22,19.06,9.53,9.53,50.0,Manager price override,Manager PIN,True,Discount exceeds 40%
OVR-000110,TXN-0001702,PH-004,EMP-0083,EMP-0068,PRD-00523,2026-05-23 16:56:26,102.56,76.92,25.64,25.0,Manager price override,Manager PIN,False,
OVR-000111,TXN-0001709,PH-001,EMP-0017,EMP-0002,PRD-00794,2026-05-09 08:43:56,44.49,33.37,11.12,25.0,Manager price override,Manager PIN,False,
OVR-000112,TXN-0001711,PH-002,EMP-0025,EMP-0023,PRD-00311,2026-07-21 21:33:06,8.6,4.3,4.3,50.0,Manager price override,Manager PIN,True,Discount exceeds 40%
OVR-000113,TXN-0001743,PH-005,EMP-0108,EMP-0090,PRD-00267,2026-06-05 12:17:46,54.21,27.1,27.11,50.0,Manager price override,Manager PIN,True,Discount exceeds 40%
OVR-000114,TXN-0001795,PH-005,EMP-0090,EMP-0101,PRD-00139,2026-06-01 15:04:34,25.36,13.95,11.41,45.0,Manager price override,Manager PIN,True,Discount exceeds 40%
OVR-000115,TXN-0001803,PH-002,EMP-0041,EMP-0023,PRD-00452,2026-06-07 21:43:29,64.65,32.32,32.33,50.0,Manager price override,Manager PIN,True,Discount exceeds 40%
OVR-000116,TXN-0001803,PH-002,EMP-0041,EMP-0023,PRD-00656,2026-06-07 21:43:29,39.51,29.63,9.88,25.0,Manager price override,Manager PIN,False,
OVR-000117,TXN-0001855,PH-004,EMP-0083,EMP-0069,PRD-00681,2026-05-28 11:38:58,54.64,40.98,13.66,25.0,Manager price override,Manager PIN,False,
OVR-000118,TXN-0001856,PH-003,EMP-0059,EMP-0045,PRD-00341,2026-07-06 10:08:44,3.62,1.99,1.63,45.0,Manager price override,Manager PIN,True,Discount exceeds 40%
OVR-000119,TXN-0001860,PH-004,EMP-0084,EMP-0078,PRD-00484,2026-05-10 11:31:12,46.39,25.51,20.88,45.0,Manager price override,Manager PIN,True,Discount exceeds 40%
OVR-000120,TXN-0001902,PH-003,EMP-0063,EMP-0046,PRD-00730,2026-07-26 13:14:24,10.49,6.82,3.67,35.0,Manager price override,Manager PIN,False,
OVR-000121,TXN-0001917,PH-001,EMP-0013,EMP-0003,PRD-00176,2026-07-18 19:31:49,13.68,7.52,6.16,45.0,Manager price override,Manager PIN,True,Discount exceeds 40%
OVR-000122,TXN-0001932,PH-002,EMP-0036,EMP-0023,PRD-00547,2026-05-10 08:54:55,10.22,7.66,2.56,25.0,Manager price override,Manager PIN,False,
OVR-000123,TXN-0001933,PH-003,EMP-0057,EMP-0046,PRD-00179,2026-06-13 09:25:13,78.5,39.25,39.25,50.0,Manager price override,Manager PIN,True,Discount exceeds 40%
OVR-000124,TXN-0001962,PH-002,EMP-0036,EMP-0023,PRD-00469,2026-06-12 19:29:58,16.18,8.09,8.09,50.0,Manager price override,Manager PIN,True,Discount exceeds 40%
OVR-000125,TXN-0001972,PH-001,EMP-0001,EMP-0002,PRD-00066,2026-06-26 09:26:20,9.24,6.93,2.31,25.0,Manager price override,Manager PIN,False,
OVR-000126,TXN-0001984,PH-005,EMP-0091,EMP-0091,PRD-00585,2026-06-30 09:28:36,48.0,31.2,16.8,35.0,Manager price override,Manager PIN,False,
OVR-000127,TXN-0001995,PH-002,EMP-0041,EMP-0023,PRD-00690,2026-06-10 19:20:49,43.58,21.79,21.79,50.0,Manager price override,Manager PIN,True,Discount exceeds 40%
OVR-000128,TXN-0002000,PH-001,EMP-0006,EMP-0002,PRD-00162,2026-06-09 14:57:26,26.69,17.35,9.34,35.0,Manager price override,Manager PIN,False,
OVR-000129,TXN-0002040,PH-002,EMP-0036,EMP-0023,PRD-00439,2026-07-23 19:58:12,35.58,23.13,12.45,35.0,Manager price override,Manager PIN,False,
OVR-000130,TXN-0002045,PH-001,EMP-0019,EMP-0013,PRD-00281,2026-05-31 14:55:48,4.29,2.14,2.15,50.0,Manager price override,Manager PIN,True,Discount exceeds 40%
OVR-000131,TXN-0002047,PH-002,EMP-0034,EMP-0023,PRD-00367,2026-06-10 20:25:22,158.97,79.49,79.48,50.0,Manager price override,Manager PIN,True,Discount exceeds 40%
OVR-000132,TXN-0002076,PH-003,EMP-0063,EMP-0045,PRD-00745,2026-05-27 20:51:58,3.4,1.7,1.7,50.0,Manager price override,Manager PIN,True,Discount exceeds 40%
OVR-000133,TXN-0002094,PH-002,EMP-0024,EMP-0023,PRD-00260,2026-07-28 21:24:00,35.1,17.55,17.55,50.0,Manager price override,Manager PIN,True,Discount exceeds 40%
OVR-000134,TXN-0002094,PH-002,EMP-0024,EMP-0023,PRD-00408,2026-07-28 21:24:00,10.44,5.22,5.22,50.0,Manager price override,Manager PIN,True,Discount exceeds 40%
OVR-000135,TXN-0002094,PH-002,EMP-0024,EMP-0023,PRD-00542,2026-07-28 21:24:00,91.86,45.93,45.93,50.0,Manager price override,Manager PIN,True,Discount exceeds 40%
OVR-000136,TXN-0002115,PH-002,EMP-0024,EMP-0023,PRD-00286,2026-06-11 17:17:07,25.7,19.28,6.42,25.0,Manager price override,Manager PIN,False,
OVR-000137,TXN-0002119,PH-003,EMP-0062,EMP-0046,PRD-00403,2026-05-10 11:56:30,41.71,27.11,14.6,35.0,Manager price override,Manager PIN,False,
OVR-000138,TXN-0002152,PH-002,EMP-0034,EMP-0023,PRD-00464,2026-06-30 14:55:42,2.2,1.21,0.99,45.0,Manager price override,Manager PIN,True,Discount exceeds 40%
OVR-000139,TXN-0002200,PH-005,EMP-0107,EMP-0100,PRD-00108,2026-05-27 19:59:09,46.97,30.53,16.44,35.0,Manager price override,Manager PIN,False,
OVR-000140,TXN-0002225,PH-002,EMP-0041,EMP-0023,PRD-00474,2026-07-15 20:52:23,64.44,35.44,29.0,45.0,Manager price override,Manager PIN,True,Discount exceeds 40%
OVR-000141,TXN-0002292,PH-002,EMP-0035,EMP-0023,PRD-00533,2026-06-19 19:48:34,62.85,31.42,31.43,50.0,Manager price override,Manager PIN,True,Discount exceeds 40%
OVR-000142,TXN-0002311,PH-001,EMP-0017,EMP-0001,PRD-00028,2026-06-27 20:41:13,35.2,19.36,15.84,45.0,Manager price override,Manager PIN,True,Discount exceeds 40%
OVR-000143,TXN-0002333,PH-004,EMP-0086,EMP-0078,PRD-00358,2026-05-14 09:54:59,58.49,43.87,14.62,25.0,Manager price override,Manager PIN,False,
OVR-000144,TXN-0002358,PH-005,EMP-0089,EMP-0100,PRD-00432,2026-05-05 11:40:24,23.39,12.86,10.53,45.0,Manager price override,Manager PIN,True,Discount exceeds 40%
OVR-000145,TXN-0002365,PH-002,EMP-0037,EMP-0023,PRD-00753,2026-07-07 21:23:12,36.06,27.04,9.02,25.0,Manager price override,Manager PIN,False,
OVR-000146,TXN-0002400,PH-002,EMP-0042,EMP-0023,PRD-00215,2026-07-20 11:06:59,49.8,27.39,22.41,45.0,Manager price override,Manager PIN,True,Discount exceeds 40%
OVR-000147,TXN-0002401,PH-005,EMP-0100,EMP-0089,PRD-00737,2026-05-26 16:26:39,30.03,15.01,15.02,50.0,Manager price override,Manager PIN,True,Discount exceeds 40%
OVR-000148,TXN-0002412,PH-003,EMP-0056,EMP-0047,PRD-00288,2026-07-07 08:29:40,50.78,33.01,17.77,35.0,Manager price override,Manager PIN,False,
OVR-000149,TXN-0002426,PH-005,EMP-0106,EMP-0100,PRD-00798,2026-05-14 21:03:34,3.01,1.66,1.35,45.0,Manager price override,Manager PIN,True,Discount exceeds 40%
OVR-000150,TXN-0002433,PH-003,EMP-0062,EMP-0057,PRD-00339,2026-05-15 18:58:48,20.84,11.46,9.38,45.0,Manager price override,Manager PIN,True,Discount exceeds 40%
OVR-000151,TXN-0002518,PH-002,EMP-0040,EMP-0023,PRD-00708,2026-06-09 09:27:27,19.62,12.75,6.87,35.0,Manager price override,Manager PIN,False,
OVR-000152,TXN-0002527,PH-002,EMP-0038,EMP-0023,PRD-00307,2026-06-16 20:58:42,38.99,29.24,9.75,25.0,Manager price override,Manager PIN,False,
OVR-000153,TXN-0002528,PH-001,EMP-0019,EMP-0013,PRD-00489,2026-07-07 21:49:54,119.07,77.4,41.67,35.0,Manager price override,Manager PIN,False,
OVR-000154,TXN-0002532,PH-004,EMP-0078,EMP-0069,PRD-00191,2026-06-26 11:23:34,151.44,83.29,68.15,45.0,Manager price override,Manager PIN,True,Discount exceeds 40%
OVR-000155,TXN-0002548,PH-003,EMP-0060,EMP-0057,PRD-00740,2026-07-29 08:02:07,41.75,20.87,20.88,50.0,Manager price override,Manager PIN,True,Discount exceeds 40%
OVR-000156,TXN-0002554,PH-002,EMP-0034,EMP-0023,PRD-00379,2026-07-11 21:28:12,12.23,9.17,3.06,25.0,Manager price override,Manager PIN,False,
OVR-000157,TXN-0002555,PH-004,EMP-0083,EMP-0067,PRD-00635,2026-06-08 14:31:38,266.92,133.46,133.46,50.0,Manager price override,Manager PIN,True,Discount exceeds 40%
OVR-000158,TXN-0002572,PH-003,EMP-0045,EMP-0045,PRD-00706,2026-05-16 17:49:34,43.47,32.6,10.87,25.0,Manager price override,Manager PIN,False,
OVR-000159,TXN-0002588,PH-003,EMP-0063,EMP-0057,PRD-00721,2026-06-08 09:16:10,34.4,22.36,12.04,35.0,Manager price override,Manager PIN,False,
OVR-000160,TXN-0002608,PH-002,EMP-0024,EMP-0023,PRD-00690,2026-05-16 17:18:05,87.16,47.94,39.22,45.0,Manager price override,Manager PIN,True,Discount exceeds 40%
OVR-000161,TXN-0002612,PH-004,EMP-0080,EMP-0078,PRD-00165,2026-07-01 11:26:36,35.39,23.0,12.39,35.0,Manager price override,Manager PIN,False,
OVR-000162,TXN-0002639,PH-001,EMP-0020,EMP-0002,PRD-00088,2026-07-28 20:05:46,166.16,108.0,58.16,35.0,Manager price override,Manager PIN,False,
OVR-000163,TXN-0002652,PH-002,EMP-0040,EMP-0023,PRD-00163,2026-06-29 15:40:07,47.07,23.53,23.54,50.0,Manager price override,Manager PIN,True,Discount exceeds 40%
OVR-000164,TXN-0002654,PH-003,EMP-0062,EMP-0056,PRD-00434,2026-05-26 10:01:25,26.26,13.13,13.13,50.0,Manager price override,Manager PIN,True,Discount exceeds 40%
OVR-000165,TXN-0002666,PH-002,EMP-0035,EMP-0023,PRD-00019,2026-07-23 19:43:50,21.88,10.94,10.94,50.0,Manager price override,Manager PIN,True,Discount exceeds 40%
OVR-000166,TXN-0002668,PH-002,EMP-0036,EMP-0023,PRD-00373,2026-07-27 08:09:11,38.89,21.39,17.5,45.0,Manager price override,Manager PIN,True,Discount exceeds 40%
OVR-000167,TXN-0002670,PH-005,EMP-0103,EMP-0090,PRD-00069,2026-07-02 21:16:11,66.76,36.72,30.04,45.0,Manager price override,Manager PIN,True,Discount exceeds 40%
OVR-000168,TXN-0002691,PH-003,EMP-0045,EMP-0047,PRD-00607,2026-07-14 20:19:29,24.21,12.1,12.11,50.0,Manager price override,Manager PIN,True,Discount exceeds 40%
OVR-000169,TXN-0002701,PH-005,EMP-0108,EMP-0101,PRD-00141,2026-06-24 10:44:50,53.49,34.77,18.72,35.0,Manager price override,Manager PIN,False,
OVR-000170,TXN-0002709,PH-004,EMP-0085,EMP-0068,PRD-00204,2026-07-23 11:30:41,29.57,16.26,13.31,45.0,Manager price override,Manager PIN,True,Discount exceeds 40%
OVR-000171,TXN-0002741,PH-002,EMP-0037,EMP-0023,PRD-00436,2026-07-07 14:34:35,38.63,25.11,13.52,35.0,Manager price override,Manager PIN,False,
OVR-000172,TXN-0002745,PH-002,EMP-0024,EMP-0023,PRD-00408,2026-05-16 20:38:36,10.44,6.79,3.65,35.0,Manager price override,Manager PIN,False,
OVR-000173,TXN-0002752,PH-002,EMP-0040,EMP-0023,PRD-00575,2026-06-21 12:46:35,42.34,23.29,19.05,45.0,Manager price override,Manager PIN,True,Discount exceeds 40%
OVR-000174,TXN-0002791,PH-001,EMP-0018,EMP-0002,PRD-00035,2026-06-23 14:16:21,43.32,28.16,15.16,35.0,Manager price override,Manager PIN,False,
OVR-000175,TXN-0002823,PH-003,EMP-0062,EMP-0045,PRD-00474,2026-07-11 19:50:06,64.44,41.89,22.55,35.0,Manager price override,Manager PIN,False,
OVR-000176,TXN-0002825,PH-005,EMP-0103,EMP-0090,PRD-00559,2026-07-17 21:18:16,28.62,15.74,12.88,45.0,Manager price override,Manager PIN,True,Discount exceeds 40%
OVR-000177,TXN-0002828,PH-002,EMP-0039,EMP-0023,PRD-00607,2026-07-16 21:16:48,72.63,36.32,36.31,50.0,Manager price override,Manager PIN,True,Discount exceeds 40%
OVR-000178,TXN-0002856,PH-002,EMP-0025,EMP-0023,PRD-00069,2026-06-29 20:39:49,200.28,150.21,50.07,25.0,Manager price override,Manager PIN,False,
OVR-000179,TXN-0002861,PH-002,EMP-0042,EMP-0023,PRD-00071,2026-05-17 14:32:30,46.51,25.58,20.93,45.0,Manager price override,Manager PIN,True,Discount exceeds 40%
OVR-000180,TXN-0002867,PH-002,EMP-0034,EMP-0023,PRD-00598,2026-07-16 14:18:30,34.13,25.6,8.53,25.0,Manager price override,Manager PIN,False,
OVR-000181,TXN-0002869,PH-004,EMP-0067,EMP-0079,PRD-00535,2026-07-30 12:25:38,51.16,28.14,23.02,45.0,Manager price override,Manager PIN,True,Discount exceeds 40%
OVR-000182,TXN-0002876,PH-005,EMP-0106,EMP-0101,PRD-00010,2026-07-09 16:18:41,37.47,24.36,13.11,35.0,Manager price override,Manager PIN,False,
OVR-000183,TXN-0002927,PH-005,EMP-0102,EMP-0091,PRD-00108,2026-07-13 10:53:57,46.97,30.53,16.44,35.0,Manager price override,Manager PIN,False,
OVR-000184,TXN-0002977,PH-003,EMP-0060,EMP-0057,PRD-00082,2026-06-02 11:30:20,58.14,37.79,20.35,35.0,Manager price override,Manager PIN,False,
OVR-000185,TXN-0002983,PH-002,EMP-0041,EMP-0023,PRD-00477,2026-05-11 20:58:11,64.17,41.71,22.46,35.0,Manager price override,Manager PIN,False,
OVR-000186,TXN-0002983,PH-002,EMP-0041,EMP-0023,PRD-00465,2026-05-11 20:58:11,44.46,28.9,15.56,35.0,Manager price override,Manager PIN,False,
OVR-000187,TXN-0002993,PH-002,EMP-0035,EMP-0023,PRD-00390,2026-07-08 21:25:54,12.78,9.59,3.19,25.0,Manager price override,Manager PIN,False,
OVR-000188,TXN-0002993,PH-002,EMP-0035,EMP-0023,PRD-00603,2026-07-08 21:25:54,100.9,55.49,45.41,45.0,Manager price override,Manager PIN,True,Discount exceeds 40%
OVR-000189,TXN-0003009,PH-005,EMP-0100,EMP-0100,PRD-00703,2026-06-08 13:40:51,4.42,2.43,1.99,45.0,Manager price override,Manager PIN,True,Discount exceeds 40%
OVR-000190,TXN-0003028,PH-001,EMP-0020,EMP-0001,PRD-00519,2026-05-15 11:16:58,9.97,4.98,4.99,50.0,Manager price override,Manager PIN,True,Discount exceeds 40%
OVR-000191,TXN-0003030,PH-004,EMP-0081,EMP-0078,PRD-00204,2026-06-03 19:16:15,29.57,19.22,10.35,35.0,Manager price override,Manager PIN,False,
OVR-000192,TXN-0003033,PH-001,EMP-0013,EMP-0013,PRD-00731,2026-07-21 15:37:17,21.27,10.64,10.63,50.0,Manager price override,Manager PIN,True,Discount exceeds 40%
OVR-000193,TXN-0003058,PH-001,EMP-0013,EMP-0013,PRD-00561,2026-06-19 16:33:17,31.59,15.8,15.79,50.0,Manager price override,Manager PIN,True,Discount exceeds 40%
OVR-000194,TXN-0003059,PH-002,EMP-0040,EMP-0023,PRD-00546,2026-05-01 19:57:53,47.37,30.79,16.58,35.0,Manager price override,Manager PIN,False,
OVR-000195,TXN-0003075,PH-004,EMP-0082,EMP-0069,PRD-00238,2026-05-20 13:41:13,8.6,5.59,3.01,35.0,Manager price override,Manager PIN,False,
OVR-000196,TXN-0003095,PH-005,EMP-0105,EMP-0090,PRD-00564,2026-07-11 11:00:41,19.56,12.71,6.85,35.0,Manager price override,Manager PIN,False,
OVR-000197,TXN-0003154,PH-002,EMP-0038,EMP-0023,PRD-00594,2026-05-17 11:00:49,74.46,37.23,37.23,50.0,Manager price override,Manager PIN,True,Discount exceeds 40%
OVR-000198,TXN-0003158,PH-003,EMP-0057,EMP-0056,PRD-00243,2026-06-18 12:40:40,56.04,42.03,14.01,25.0,Manager price override,Manager PIN,False,
OVR-000199,TXN-0003184,PH-001,EMP-0017,EMP-0013,PRD-00424,2026-05-18 16:06:24,2.38,1.19,1.19,50.0,Manager price override,Manager PIN,True,Discount exceeds 40%
OVR-000200,TXN-0003192,PH-002,EMP-0039,EMP-0023,PRD-00293,2026-07-20 21:24:39,181.4,136.05,45.35,25.0,Manager price override,Manager PIN,False,
OVR-000201,TXN-0003201,PH-001,EMP-0013,EMP-0002,PRD-00688,2026-05-14 16:52:09,65.64,32.82,32.82,50.0,Manager price override,Manager PIN,True,Discount exceeds 40%
OVR-000202,TXN-0003228,PH-002,EMP-0038,EMP-0023,PRD-00073,2026-05-21 11:36:20,122.64,91.98,30.66,25.0,Manager price override,Manager PIN,False,
OVR-000203,TXN-0003231,PH-005,EMP-0101,EMP-0100,PRD-00314,2026-07-02 10:29:59,12.91,7.1,5.81,45.0,Manager price override,Manager PIN,True,Discount exceeds 40%
OVR-000204,TXN-0003251,PH-002,EMP-0039,EMP-0023,PRD-00658,2026-06-25 12:30:59,54.22,29.82,24.4,45.0,Manager price override,Manager PIN,True,Discount exceeds 40%
OVR-000205,TXN-0003260,PH-005,EMP-0089,EMP-0101,PRD-00035,2026-07-09 17:24:17,43.32,28.16,15.16,35.0,Manager price override,Manager PIN,False,
OVR-000206,TXN-0003275,PH-004,EMP-0078,EMP-0079,PRD-00400,2026-07-30 16:52:47,47.39,26.06,21.33,45.0,Manager price override,Manager PIN,True,Discount exceeds 40%
OVR-000207,TXN-0003276,PH-002,EMP-0036,EMP-0023,PRD-00193,2026-07-14 20:02:01,7.34,4.77,2.57,35.0,Manager price override,Manager PIN,False,
OVR-000208,TXN-0003296,PH-005,EMP-0106,EMP-0100,PRD-00577,2026-06-03 13:57:29,7.89,4.34,3.55,45.0,Manager price override,Manager PIN,True,Discount exceeds 40%
OVR-000209,TXN-0003301,PH-002,EMP-0042,EMP-0023,PRD-00752,2026-05-02 20:03:03,37.68,28.26,9.42,25.0,Manager price override,Manager PIN,False,
OVR-000210,TXN-0003320,PH-005,EMP-0100,EMP-0101,PRD-00538,2026-05-08 18:30:27,86.72,56.37,30.35,35.0,Manager price override,Manager PIN,False,
OVR-000211,TXN-0003325,PH-002,EMP-0037,EMP-0023,PRD-00677,2026-05-26 21:16:57,36.95,18.47,18.48,50.0,Manager price override,Manager PIN,True,Discount exceeds 40%
OVR-000212,TXN-0003325,PH-002,EMP-0037,EMP-0023,PRD-00355,2026-05-26 21:16:57,26.09,16.96,9.13,35.0,Manager price override,Manager PIN,False,
OVR-000213,TXN-0003328,PH-003,EMP-0063,EMP-0056,PRD-00099,2026-06-06 19:59:04,10.88,7.07,3.81,35.0,Manager price override,Manager PIN,False,
OVR-000214,TXN-0003339,PH-002,EMP-0023,EMP-0023,PRD-00698,2026-06-21 19:21:55,42.03,23.12,18.91,45.0,Manager price override,Manager PIN,True,Discount exceeds 40%
OVR-000215,TXN-0003351,PH-005,EMP-0100,EMP-0100,PRD-00599,2026-05-10 15:34:00,50.67,38.0,12.67,25.0,Manager price override,Manager PIN,False,
OVR-000216,TXN-0003367,PH-005,EMP-0090,EMP-0090,PRD-00630,2026-06-01 13:24:51,19.68,14.76,4.92,25.0,Manager price override,Manager PIN,False,
OVR-000217,TXN-0003377,PH-002,EMP-0038,EMP-0023,PRD-00377,2026-06-08 19:02:24,257.16,128.58,128.58,50.0,Manager price override,Manager PIN,True,Discount exceeds 40%
OVR-000218,TXN-0003377,PH-002,EMP-0038,EMP-0023,PRD-00113,2026-06-08 19:02:24,42.49,21.24,21.25,50.0,Manager price override,Manager PIN,True,Discount exceeds 40%
OVR-000219,TXN-0003395,PH-001,EMP-0001,EMP-0013,PRD-00596,2026-07-12 17:15:24,17.07,11.1,5.97,35.0,Manager price override,Manager PIN,False,
OVR-000220,TXN-0003402,PH-004,EMP-0080,EMP-0068,PRD-00048,2026-05-21 08:35:57,20.77,11.42,9.35,45.0,Manager price override,Manager PIN,True,Discount exceeds 40%
OVR-000221,TXN-0003457,PH-003,EMP-0062,EMP-0045,PRD-00118,2026-05-23 16:52:20,195.44,107.49,87.95,45.0,Manager price override,Manager PIN,True,Discount exceeds 40%
OVR-000222,TXN-0003470,PH-002,EMP-0040,EMP-0023,PRD-00216,2026-06-16 09:07:49,10.98,8.23,2.75,25.0,Manager price override,Manager PIN,False,
OVR-000223,TXN-0003494,PH-004,EMP-0086,EMP-0078,PRD-00742,2026-05-31 21:32:24,126.84,95.13,31.71,25.0,Manager price override,Manager PIN,False,
OVR-000224,TXN-0003496,PH-003,EMP-0062,EMP-0057,PRD-00063,2026-06-24 09:12:41,5.49,4.12,1.37,25.0,Manager price override,Manager PIN,False,
OVR-000225,TXN-0003523,PH-002,EMP-0023,EMP-0023,PRD-00755,2026-07-18 09:32:46,23.6,15.34,8.26,35.0,Manager price override,Manager PIN,False,
OVR-000226,TXN-0003524,PH-002,EMP-0025,EMP-0023,PRD-00056,2026-07-25 12:23:02,34.81,19.15,15.66,45.0,Manager price override,Manager PIN,True,Discount exceeds 40%
OVR-000227,TXN-0003559,PH-002,EMP-0037,EMP-0023,PRD-00538,2026-05-13 21:28:55,43.36,28.18,15.18,35.0,Manager price override,Manager PIN,False,
OVR-000228,TXN-0003565,PH-005,EMP-0101,EMP-0101,PRD-00622,2026-06-16 15:05:14,91.14,59.24,31.9,35.0,Manager price override,Manager PIN,False,
OVR-000229,TXN-0003577,PH-002,EMP-0041,EMP-0023,PRD-00528,2026-07-06 18:41:43,38.01,19.01,19.0,50.0,Manager price override,Manager PIN,True,Discount exceeds 40%
OVR-000230,TXN-0003578,PH-005,EMP-0102,EMP-0091,PRD-00166,2026-07-22 08:00:17,41.56,27.01,14.55,35.0,Manager price override,Manager PIN,False,
OVR-000231,TXN-0003581,PH-004,EMP-0082,EMP-0079,PRD-00368,2026-05-25 12:44:16,2.44,1.22,1.22,50.0,Manager price override,Manager PIN,True,Discount exceeds 40%
OVR-000232,TXN-0003647,PH-003,EMP-0046,EMP-0057,PRD-00667,2026-05-31 21:25:08,28.54,14.27,14.27,50.0,Manager price override,Manager PIN,True,Discount exceeds 40%
OVR-000233,TXN-0003661,PH-001,EMP-0013,EMP-0001,PRD-00761,2026-06-10 15:27:20,28.98,21.73,7.25,25.0,Manager price override,Manager PIN,False,
OVR-000234,TXN-0003669,PH-001,EMP-0003,EMP-0013,PRD-00311,2026-06-30 20:59:56,8.6,6.45,2.15,25.0,Manager price override,Manager PIN,False,
OVR-000235,TXN-0003678,PH-002,EMP-0037,EMP-0023,PRD-00274,2026-06-07 19:15:27,51.5,25.75,25.75,50.0,Manager price override,Manager PIN,True,Discount exceeds 40%
OVR-000236,TXN-0003681,PH-002,EMP-0040,EMP-0023,PRD-00548,2026-05-16 21:17:54,202.12,101.06,101.06,50.0,Manager price override,Manager PIN,True,Discount exceeds 40%
OVR-000237,TXN-0003696,PH-005,EMP-0102,EMP-0100,PRD-00424,2026-06-07 10:54:04,2.38,1.55,0.83,35.0,Manager price override,Manager PIN,False,
OVR-000238,TXN-0003721,PH-001,EMP-0015,EMP-0001,PRD-00215,2026-06-10 15:00:36,66.4,49.8,16.6,25.0,Manager price override,Manager PIN,False,
OVR-000239,TXN-0003771,PH-004,EMP-0067,EMP-0069,PRD-00767,2026-05-18 17:31:57,46.87,30.47,16.4,35.0,Manager price override,Manager PIN,False,
OVR-000240,TXN-0003802,PH-002,EMP-0037,EMP-0023,PRD-00376,2026-06-24 21:18:03,2.97,1.63,1.34,45.0,Manager price override,Manager PIN,True,Discount exceeds 40%
OVR-000241,TXN-0003802,PH-002,EMP-0037,EMP-0023,PRD-00498,2026-06-24 21:18:03,22.62,16.96,5.66,25.0,Manager price override,Manager PIN,False,
OVR-000242,TXN-0003822,PH-002,EMP-0036,EMP-0023,PRD-00698,2026-05-25 19:59:13,42.03,23.12,18.91,45.0,Manager price override,Manager PIN,True,Discount exceeds 40%
OVR-000243,TXN-0003822,PH-002,EMP-0036,EMP-0023,PRD-00251,2026-05-25 19:59:13,67.89,50.92,16.97,25.0,Manager price override,Manager PIN,False,
OVR-000244,TXN-0003825,PH-004,EMP-0081,EMP-0068,PRD-00419,2026-06-03 15:57:04,44.29,22.15,22.14,50.0,Manager price override,Manager PIN,True,Discount exceeds 40%
OVR-000245,TXN-0003871,PH-002,EMP-0041,EMP-0023,PRD-00303,2026-07-04 18:57:57,103.54,56.95,46.59,45.0,Manager price override,Manager PIN,True,Discount exceeds 40%
OVR-000246,TXN-0003908,PH-004,EMP-0067,EMP-0079,PRD-00671,2026-07-25 17:14:20,10.29,7.72,2.57,25.0,Manager price override,Manager PIN,False,
OVR-000247,TXN-0003944,PH-005,EMP-0100,EMP-0101,PRD-00475,2026-05-05 18:27:45,28.69,18.65,10.04,35.0,Manager price override,Manager PIN,False,
OVR-000248,TXN-0003977,PH-003,EMP-0045,EMP-0045,PRD-00732,2026-05-08 10:35:20,110.9,55.45,55.45,50.0,Manager price override,Manager PIN,True,Discount exceeds 40%
OVR-000249,TXN-0003999,PH-005,EMP-0105,EMP-0089,PRD-00451,2026-05-11 13:15:14,13.36,10.02,3.34,25.0,Manager price override,Manager PIN,False,
OVR-000250,TXN-0004046,PH-002,EMP-0035,EMP-0023,PRD-00738,2026-07-05 17:25:41,6.74,3.71,3.03,45.0,Manager price override,Manager PIN,True,Discount exceeds 40%
OVR-000251,TXN-0004073,PH-003,EMP-0056,EMP-0057,PRD-00267,2026-07-17 19:42:58,54.21,40.66,13.55,25.0,Manager price override,Manager PIN,False,
OVR-000252,TXN-0004098,PH-002,EMP-0035,EMP-0023,PRD-00649,2026-07-15 21:30:09,14.21,7.82,6.39,45.0,Manager price override,Manager PIN,True,Discount exceeds 40%
OVR-000253,TXN-0004120,PH-003,EMP-0047,EMP-0056,PRD-00578,2026-07-29 15:56:18,77.16,38.58,38.58,50.0,Manager price override,Manager PIN,True,Discount exceeds 40%
OVR-000254,TXN-0004145,PH-004,EMP-0069,EMP-0067,PRD-00150,2026-06-20 12:28:30,7.58,4.17,3.41,45.0,Manager price override,Manager PIN,True,Discount exceeds 40%
OVR-000255,TXN-0004154,PH-001,EMP-0020,EMP-0013,PRD-00163,2026-06-18 19:41:45,47.07,35.3,11.77,25.0,Manager price override,Manager PIN,False,
OVR-000256,TXN-0004167,PH-002,EMP-0039,EMP-0023,PRD-00483,2026-07-17 21:11:30,20.18,15.14,5.04,25.0,Manager price override,Manager PIN,False,
OVR-000257,TXN-0004167,PH-002,EMP-0039,EMP-0023,PRD-00688,2026-07-17 21:11:30,65.64,32.82,32.82,50.0,Manager price override,Manager PIN,True,Discount exceeds 40%
OVR-000258,TXN-0004186,PH-003,EMP-0062,EMP-0057,PRD-00270,2026-06-22 19:47:06,48.42,36.31,12.11,25.0,Manager price override,Manager PIN,False,
OVR-000259,TXN-0004212,PH-001,EMP-0001,EMP-0003,PRD-00196,2026-05-05 16:22:15,54.03,27.01,27.02,50.0,Manager price override,Manager PIN,True,Discount exceeds 40%
OVR-000260,TXN-0004218,PH-002,EMP-0042,EMP-0023,PRD-00219,2026-06-02 19:22:43,46.23,34.67,11.56,25.0,Manager price override,Manager PIN,False,
OVR-000261,TXN-0004222,PH-002,EMP-0040,EMP-0023,PRD-00051,2026-05-27 17:00:44,32.69,21.25,11.44,35.0,Manager price override,Manager PIN,False,
OVR-000262,TXN-0004240,PH-003,EMP-0059,EMP-0056,PRD-00077,2026-07-23 18:12:25,11.37,8.53,2.84,25.0,Manager price override,Manager PIN,False,
OVR-000263,TXN-0004252,PH-002,EMP-0035,EMP-0023,PRD-00728,2026-05-07 21:23:29,44.17,22.08,22.09,50.0,Manager price override,Manager PIN,True,Discount exceeds 40%
OVR-000264,TXN-0004253,PH-002,EMP-0035,EMP-0023,PRD-00421,2026-06-09 19:44:46,48.66,36.5,12.16,25.0,Manager price override,Manager PIN,False,
OVR-000265,TXN-0004253,PH-002,EMP-0035,EMP-0023,PRD-00457,2026-06-09 19:44:46,48.23,26.53,21.7,45.0,Manager price override,Manager PIN,True,Discount exceeds 40%
OVR-000266,TXN-0004253,PH-002,EMP-0035,EMP-0023,PRD-00518,2026-06-09 19:44:46,37.83,18.92,18.91,50.0,Manager price override,Manager PIN,True,Discount exceeds 40%
OVR-000267,TXN-0004262,PH-003,EMP-0062,EMP-0045,PRD-00416,2026-07-01 17:27:40,44.93,29.2,15.73,35.0,Manager price override,Manager PIN,False,
OVR-000268,TXN-0004276,PH-003,EMP-0059,EMP-0056,PRD-00164,2026-07-02 21:47:32,21.53,11.84,9.69,45.0,Manager price override,Manager PIN,True,Discount exceeds 40%
OVR-000269,TXN-0004278,PH-002,EMP-0039,EMP-0023,PRD-00132,2026-05-21 19:26:29,24.08,13.24,10.84,45.0,Manager price override,Manager PIN,True,Discount exceeds 40%
OVR-000270,TXN-0004280,PH-001,EMP-0006,EMP-0012,PRD-00716,2026-05-11 13:03:20,35.19,19.35,15.84,45.0,Manager price override,Manager PIN,True,Discount exceeds 40%
OVR-000271,TXN-0004288,PH-002,EMP-0037,EMP-0023,PRD-00777,2026-07-22 10:44:19,29.54,16.25,13.29,45.0,Manager price override,Manager PIN,True,Discount exceeds 40%
OVR-000272,TXN-0004293,PH-001,EMP-0006,EMP-0003,PRD-00493,2026-07-19 09:07:22,20.37,13.24,7.13,35.0,Manager price override,Manager PIN,False,
OVR-000273,TXN-0004294,PH-002,EMP-0037,EMP-0023,PRD-00627,2026-07-09 21:17:00,15.75,7.87,7.88,50.0,Manager price override,Manager PIN,True,Discount exceeds 40%
OVR-000274,TXN-0004305,PH-002,EMP-0039,EMP-0023,PRD-00139,2026-05-23 21:59:08,25.36,13.95,11.41,45.0,Manager price override,Manager PIN,True,Discount exceeds 40%
OVR-000275,TXN-0004379,PH-004,EMP-0084,EMP-0069,PRD-00222,2026-06-28 09:58:11,87.15,47.93,39.22,45.0,Manager price override,Manager PIN,True,Discount exceeds 40%
OVR-000276,TXN-0004380,PH-002,EMP-0037,EMP-0023,PRD-00581,2026-05-14 21:49:12,39.69,25.8,13.89,35.0,Manager price override,Manager PIN,False,
OVR-000277,TXN-0004397,PH-004,EMP-0081,EMP-0069,PRD-00728,2026-06-01 18:53:51,44.17,22.08,22.09,50.0,Manager price override,Manager PIN,True,Discount exceeds 40%
OVR-000278,TXN-0004410,PH-002,EMP-0035,EMP-0023,PRD-00148,2026-06-23 21:26:54,9.97,4.98,4.99,50.0,Manager price override,Manager PIN,True,Discount exceeds 40%
OVR-000279,TXN-0004420,PH-002,EMP-0035,EMP-0023,PRD-00235,2026-07-02 21:28:37,57.59,31.67,25.92,45.0,Manager price override,Manager PIN,True,Discount exceeds 40%
OVR-000280,TXN-0004431,PH-004,EMP-0081,EMP-0078,PRD-00049,2026-06-06 17:44:04,40.42,22.23,18.19,45.0,Manager price override,Manager PIN,True,Discount exceeds 40%
OVR-000281,TXN-0004448,PH-005,EMP-0108,EMP-0100,PRD-00777,2026-05-04 21:37:39,29.54,19.2,10.34,35.0,Manager price override,Manager PIN,False,
OVR-000282,TXN-0004465,PH-003,EMP-0060,EMP-0045,PRD-00368,2026-05-01 16:06:28,2.44,1.83,0.61,25.0,Manager price override,Manager PIN,False,
OVR-000283,TXN-0004476,PH-002,EMP-0036,EMP-0023,PRD-00034,2026-07-03 15:54:48,33.7,16.85,16.85,50.0,Manager price override,Manager PIN,True,Discount exceeds 40%
OVR-000284,TXN-0004483,PH-002,EMP-0039,EMP-0023,PRD-00283,2026-05-11 08:49:45,7.13,5.35,1.78,25.0,Manager price override,Manager PIN,False,
OVR-000285,TXN-0004492,PH-001,EMP-0006,EMP-0002,PRD-00540,2026-07-23 12:59:33,123.64,80.37,43.27,35.0,Manager price override,Manager PIN,False,
OVR-000286,TXN-0004539,PH-002,EMP-0038,EMP-0023,PRD-00422,2026-07-08 12:24:52,28.56,21.42,7.14,25.0,Manager price override,Manager PIN,False,
OVR-000287,TXN-0004553,PH-002,EMP-0039,EMP-0023,PRD-00753,2026-06-22 21:52:01,12.02,9.02,3.0,25.0,Manager price override,Manager PIN,False,
OVR-000288,TXN-0004642,PH-005,EMP-0090,EMP-0101,PRD-00668,2026-07-14 13:57:43,31.33,17.23,14.1,45.0,Manager price override,Manager PIN,True,Discount exceeds 40%
OVR-000289,TXN-0004646,PH-003,EMP-0063,EMP-0057,PRD-00562,2026-05-29 16:49:41,32.73,21.27,11.46,35.0,Manager price override,Manager PIN,False,
OVR-000290,TXN-0004652,PH-003,EMP-0063,EMP-0047,PRD-00571,2026-07-16 09:47:03,40.42,30.31,10.11,25.0,Manager price override,Manager PIN,False,
OVR-000291,TXN-0004655,PH-005,EMP-0089,EMP-0101,PRD-00328,2026-05-24 11:23:19,14.69,7.35,7.34,50.0,Manager price override,Manager PIN,True,Discount exceeds 40%
OVR-000292,TXN-0004665,PH-002,EMP-0041,EMP-0023,PRD-00212,2026-07-06 19:18:19,122.58,61.29,61.29,50.0,Manager price override,Manager PIN,True,Discount exceeds 40%
OVR-000293,TXN-0004665,PH-002,EMP-0041,EMP-0023,PRD-00542,2026-07-06 19:18:19,30.62,15.31,15.31,50.0,Manager price override,Manager PIN,True,Discount exceeds 40%
OVR-000294,TXN-0004686,PH-003,EMP-0056,EMP-0056,PRD-00281,2026-05-19 08:42:23,1.43,1.07,0.36,25.0,Manager price override,Manager PIN,False,
OVR-000295,TXN-0004698,PH-002,EMP-0038,EMP-0023,PRD-00790,2026-05-28 15:39:56,38.48,25.01,13.47,35.0,Manager price override,Manager PIN,False,
OVR-000296,TXN-0004707,PH-005,EMP-0102,EMP-0091,PRD-00259,2026-07-12 11:10:36,41.66,22.91,18.75,45.0,Manager price override,Manager PIN,True,Discount exceeds 40%
OVR-000297,TXN-0004717,PH-004,EMP-0086,EMP-0078,PRD-00244,2026-06-01 14:12:58,41.77,22.97,18.8,45.0,Manager price override,Manager PIN,True,Discount exceeds 40%
OVR-000298,TXN-0004758,PH-004,EMP-0078,EMP-0079,PRD-00156,2026-06-25 11:45:21,40.93,20.47,20.46,50.0,Manager price override,Manager PIN,True,Discount exceeds 40%
OVR-000299,TXN-0004768,PH-001,EMP-0020,EMP-0003,PRD-00259,2026-05-31 15:26:50,41.66,27.08,14.58,35.0,Manager price override,Manager PIN,False,
OVR-000300,TXN-0004797,PH-004,EMP-0079,EMP-0069,PRD-00609,2026-05-19 14:14:04,68.47,44.51,23.96,35.0,Manager price override,Manager PIN,False,
OVR-000301,TXN-0004798,PH-005,EMP-0090,EMP-0100,PRD-00301,2026-05-13 17:11:39,22.85,11.42,11.43,50.0,Manager price override,Manager PIN,True,Discount exceeds 40%
OVR-000302,TXN-0004853,PH-005,EMP-0101,EMP-0101,PRD-00704,2026-07-22 20:02:34,16.64,8.32,8.32,50.0,Manager price override,Manager PIN,True,Discount exceeds 40%
OVR-000303,TXN-0004867,PH-003,EMP-0046,EMP-0047,PRD-00727,2026-06-27 18:20:45,18.7,12.16,6.54,35.0,Manager price override,Manager PIN,False,
OVR-000304,TXN-0004867,PH-003,EMP-0046,EMP-0057,PRD-00032,2026-06-27 18:20:45,33.49,25.12,8.37,25.0,Manager price override,Manager PIN,False,
OVR-000305,TXN-0004882,PH-002,EMP-0037,EMP-0023,PRD-00306,2026-06-07 10:22:59,10.53,5.27,5.26,50.0,Manager price override,Manager PIN,True,Discount exceeds 40%
OVR-000306,TXN-0004883,PH-001,EMP-0020,EMP-0003,PRD-00089,2026-05-16 14:48:44,48.32,26.58,21.74,45.0,Manager price override,Manager PIN,True,Discount exceeds 40%
OVR-000307,TXN-0004916,PH-002,EMP-0038,EMP-0023,PRD-00475,2026-06-08 15:10:14,28.69,15.78,12.91,45.0,Manager price override,Manager PIN,True,Discount exceeds 40%
OVR-000308,TXN-0004930,PH-003,EMP-0047,EMP-0057,PRD-00370,2026-06-06 14:52:56,90.12,49.57,40.55,45.0,Manager price override,Manager PIN,True,Discount exceeds 40%
OVR-000309,TXN-0004961,PH-005,EMP-0091,EMP-0090,PRD-00238,2026-06-21 20:21:18,8.6,6.45,2.15,25.0,Manager price override,Manager PIN,False,
OVR-000310,TXN-0004973,PH-005,EMP-0104,EMP-0090,PRD-00690,2026-07-05 17:54:37,43.58,32.69,10.89,25.0,Manager price override,Manager PIN,False,
OVR-000311,TXN-0004978,PH-003,EMP-0045,EMP-0046,PRD-00616,2026-06-05 20:09:16,48.74,31.68,17.06,35.0,Manager price override,Manager PIN,False,
