refund_id,refund_transaction_id,original_transaction_id,store_id,register_id,employee_id,approving_manager_id,customer_id,refund_datetime,refund_amount,refund_method,refund_reason,original_receipt_present,days_after_purchase,manager_override,risk_score,flagged,flag_reason
REF-000001,RTX-000001,TXN-0004875,PH-001,REG-01,EMP-0006,EMP-0001,CUS-00023,2026-07-26 20:26:00,234.72,Cash,Product Defective,False,22,True,90,True,No receipt; After 8 PM; High value
REF-000002,RTX-000002,TXN-0002019,PH-001,REG-02,EMP-0006,EMP-0001,CUS-00802,2026-07-13 14:25:00,51.78,Gift Card,Other,False,36,True,50,True,No receipt
REF-000003,RTX-000003,TXN-0000626,PH-001,REG-02,EMP-0006,EMP-0013,CUS-00446,2026-07-04 20:25:00,40.93,Gift Card,No Receipt,False,12,True,70,True,No receipt; After 8 PM
REF-000004,RTX-000004,TXN-0002150,PH-001,REG-02,EMP-0006,EMP-0001,,2026-07-15 14:42:00,32.98,Gift Card,Customer Changed Mind,False,15,True,50,True,No receipt
REF-000005,RTX-000005,TXN-0001691,PH-001,REG-05,EMP-0006,EMP-0012,CUS-04618,2026-07-19 13:47:00,58.26,Gift Card,No Receipt,False,29,True,50,True,No receipt
REF-000006,RTX-000006,TXN-0000814,PH-001,REG-06,EMP-0006,EMP-0003,CUS-04022,2026-07-02 13:15:00,4.02,Cash,Customer Changed Mind,False,23,True,50,True,No receipt
REF-000007,RTX-000007,TXN-0002379,PH-001,REG-03,EMP-0006,EMP-0003,CUS-02118,2026-07-25 21:13:00,14.49,Gift Card,Incorrect Product,False,77,True,70,True,No receipt; After 8 PM
REF-000008,RTX-000008,TXN-0004114,PH-001,REG-01,EMP-0006,EMP-0003,CUS-03764,2026-07-03 12:12:00,34.08,Cash,Product Defective,False,-19,True,50,True,No receipt
REF-000009,RTX-000009,TXN-0000266,PH-001,REG-01,EMP-0006,EMP-0002,CUS-02665,2026-07-31 21:02:00,66.64,Gift Card,Incorrect Product,False,0,True,70,True,No receipt; After 8 PM
REF-000010,RTX-000010,TXN-0001076,PH-001,REG-05,EMP-0006,EMP-0001,CUS-04598,2026-07-04 12:45:00,2.36,Original Payment,Other,False,-6,True,50,True,No receipt
REF-000011,RTX-000011,TXN-0002610,PH-001,REG-02,EMP-0006,EMP-0003,,2026-07-04 21:48:00,59.96,Original Payment,Incorrect Product,False,-23,True,70,True,No receipt; After 8 PM
REF-000012,RTX-000012,TXN-0000917,PH-001,REG-05,EMP-0006,EMP-0001,CUS-02880,2026-07-31 13:56:00,5.51,Cash,Customer Changed Mind,False,87,True,50,True,No receipt
REF-000013,RTX-000013,TXN-0001169,PH-001,REG-06,EMP-0006,EMP-0003,CUS-03815,2026-07-03 14:58:00,5.6,Cash,Product Defective,False,29,True,50,True,No receipt
REF-000014,RTX-000014,TXN-0002569,PH-001,REG-01,EMP-0006,EMP-0012,,2026-07-16 14:46:00,2.75,Cash,Product Defective,False,57,True,50,True,No receipt
REF-000015,RTX-000015,TXN-0003960,PH-001,REG-06,EMP-0006,EMP-0003,CUS-04386,2026-07-28 12:06:00,45.01,Gift Card,Incorrect Product,False,36,True,50,True,No receipt
REF-000016,RTX-000016,TXN-0002761,PH-001,REG-02,EMP-0006,EMP-0002,,2026-07-29 12:22:00,48.66,Cash,Other,False,81,True,50,True,No receipt
REF-000017,RTX-000017,TXN-0002749,PH-001,REG-06,EMP-0006,EMP-0012,,2026-07-12 20:21:00,269.9,Original Payment,Customer Changed Mind,False,57,True,90,True,No receipt; After 8 PM; High value
REF-000018,RTX-000018,TXN-0000702,PH-001,REG-06,EMP-0006,EMP-0012,CUS-00916,2026-07-29 21:30:00,16.77,Cash,Other,False,69,True,70,True,No receipt; After 8 PM
REF-000019,RTX-000019,TXN-0001457,PH-001,REG-05,EMP-0006,EMP-0001,CUS-02213,2026-07-29 13:09:00,4.4,Cash,Other,False,2,True,50,True,No receipt
REF-000020,RTX-000020,TXN-0003221,PH-001,REG-05,EMP-0006,EMP-0001,CUS-03977,2026-07-12 21:05:00,6.71,Gift Card,Product Defective,False,-11,True,70,True,No receipt; After 8 PM
REF-000021,RTX-000021,TXN-0001936,PH-001,REG-05,EMP-0006,EMP-0002,CUS-03184,2026-07-11 12:50:00,37.47,Original Payment,Product Defective,True,68,True,15,False,
REF-000022,RTX-000022,TXN-0000597,PH-001,REG-01,EMP-0006,EMP-0002,CUS-04001,2026-07-18 14:30:00,69.98,Cash,No Receipt,True,72,True,15,False,
REF-000023,RTX-000023,TXN-0004773,PH-001,REG-04,EMP-0006,EMP-0002,CUS-01349,2026-07-20 14:19:00,266.76,Original Payment,Product Defective,True,47,True,35,False,High value
REF-000024,RTX-000024,TXN-0004970,PH-001,REG-03,EMP-0006,EMP-0012,CUS-01392,2026-07-28 20:49:00,60.2,Gift Card,Customer Changed Mind,True,56,True,35,False,After 8 PM
REF-000025,RTX-000025,TXN-0004629,PH-001,REG-04,EMP-0006,EMP-0013,CUS-01135,2026-07-23 12:08:00,51.2,Original Payment,Product Defective,True,77,True,15,False,
REF-000026,RTX-000026,TXN-0001702,PH-001,REG-04,EMP-0006,EMP-0012,CUS-03007,2026-07-11 20:50:00,168.0,Gift Card,Product Defective,True,49,True,55,True,After 8 PM; High value
REF-000027,RTX-000027,TXN-0004342,PH-001,REG-04,EMP-0006,EMP-0003,,2026-07-15 20:54:00,79.35,Original Payment,No Receipt,True,9,True,55,True,After 8 PM; High value
REF-000028,RTX-000028,TXN-0001717,PH-001,REG-03,EMP-0006,EMP-0002,,2026-07-29 20:16:00,34.01,Gift Card,No Receipt,True,86,True,35,False,After 8 PM
REF-000029,RTX-000029,TXN-0004056,PH-001,REG-04,EMP-0006,EMP-0001,CUS-03325,2026-07-06 21:02:00,33.7,Gift Card,Other,True,47,True,35,False,After 8 PM
REF-000030,RTX-000030,TXN-0002121,PH-001,REG-01,EMP-0006,EMP-0003,CUS-02292,2026-07-09 12:19:00,55.19,Gift Card,Incorrect Product,True,42,True,15,False,
REF-000031,RTX-000031,TXN-0002746,PH-001,REG-06,EMP-0006,EMP-0012,,2026-07-03 13:39:00,47.09,Cash,No Receipt,True,20,True,15,False,
REF-000032,RTX-000032,TXN-0001310,PH-001,REG-02,EMP-0006,EMP-0002,CUS-01824,2026-07-09 20:38:00,51.17,Gift Card,Other,True,31,True,35,False,After 8 PM
REF-000033,RTX-000033,TXN-0002100,PH-001,REG-03,EMP-0006,EMP-0013,CUS-03733,2026-07-29 20:21:00,51.58,Cash,No Receipt,True,38,True,35,False,After 8 PM
REF-000034,RTX-000034,TXN-0002648,PH-001,REG-01,EMP-0006,EMP-0003,CUS-03546,2026-07-11 12:41:00,24.33,Original Payment,Customer Changed Mind,True,20,True,15,False,
REF-000035,RTX-000035,TXN-0001998,PH-001,REG-06,EMP-0006,EMP-0001,,2026-07-18 21:05:00,56.04,Cash,Product Defective,True,24,True,35,False,After 8 PM
REF-000036,RTX-000036,TXN-0002986,PH-001,REG-05,EMP-0006,EMP-0003,CUS-01082,2026-07-29 20:08:00,86.12,Original Payment,No Receipt,True,69,True,55,True,After 8 PM; High value
REF-000037,RTX-000037,TXN-0003656,PH-001,REG-02,EMP-0006,EMP-0003,CUS-04455,2026-07-02 12:21:00,211.87,Cash,No Receipt,True,49,True,35,False,High value
REF-000038,RTX-000038,TXN-0000633,PH-001,REG-02,EMP-0006,EMP-0003,CUS-01933,2026-07-07 20:53:00,42.61,Original Payment,Product Defective,True,33,True,35,False,After 8 PM
REF-000039,RTX-000039,TXN-0003313,PH-001,REG-02,EMP-0006,EMP-0001,CUS-01894,2026-07-08 21:57:00,50.91,Gift Card,Product Defective,True,-18,True,35,False,After 8 PM
REF-000040,RTX-000040,TXN-0003617,PH-001,REG-04,EMP-0006,EMP-0012,,2026-07-06 21:41:00,68.02,Original Payment,Other,True,47,True,35,False,After 8 PM
REF-000041,RTX-000041,TXN-0000201,PH-001,REG-05,EMP-0006,EMP-0003,,2026-07-17 21:08:00,2.92,Original Payment,Incorrect Product,True,40,True,35,False,After 8 PM
REF-000042,RTX-000042,TXN-0000524,PH-001,REG-06,EMP-0006,EMP-0001,CUS-03682,2026-07-01 13:53:00,66.76,Gift Card,Customer Changed Mind,True,31,True,15,False,
REF-000043,RTX-000043,TXN-0004833,PH-001,REG-01,EMP-0006,EMP-0012,,2026-07-21 14:20:00,192.68,Gift Card,No Receipt,True,7,True,35,False,High value
REF-000044,RTX-000044,TXN-0001141,PH-001,REG-05,EMP-0006,EMP-0001,,2026-07-04 14:29:00,13.24,Gift Card,Product Defective,True,35,True,15,False,
REF-000045,RTX-000045,TXN-0000232,PH-001,REG-05,EMP-0006,EMP-0001,CUS-04800,2026-07-27 12:46:00,61.54,Original Payment,No Receipt,True,83,True,15,False,
REF-000046,RTX-000046,TXN-0000607,PH-001,REG-02,EMP-0006,EMP-0013,,2026-07-21 21:50:00,7.59,Original Payment,Incorrect Product,True,-9,True,35,False,After 8 PM
REF-000047,RTX-000047,TXN-0002203,PH-001,REG-03,EMP-0006,EMP-0013,,2026-07-05 12:46:00,145.37,Cash,Incorrect Product,True,47,True,35,False,High value
REF-000048,RTX-000048,TXN-0002877,PH-001,REG-01,EMP-0006,EMP-0003,CUS-03322,2026-07-28 21:47:00,5.12,Original Payment,Product Defective,True,3,True,35,False,After 8 PM
REF-000049,RTX-000049,TXN-0003724,PH-001,REG-05,EMP-0006,EMP-0003,CUS-00070,2026-07-08 14:16:00,30.73,Gift Card,No Receipt,True,63,True,15,False,
REF-000050,RTX-000050,TXN-0000050,PH-001,REG-02,EMP-0006,EMP-0013,CUS-01110,2026-07-23 12:08:00,75.83,Cash,Customer Changed Mind,True,44,True,35,False,High value
REF-000051,RTX-000051,TXN-0000857,PH-001,REG-02,EMP-0006,EMP-0002,CUS-00642,2026-07-02 12:43:00,61.35,Cash,Incorrect Product,True,3,True,15,False,
REF-000052,RTX-000052,TXN-0003494,PH-001,REG-02,EMP-0006,EMP-0003,,2026-07-23 20:05:00,73.95,Cash,No Receipt,True,53,True,35,False,After 8 PM
REF-000053,RTX-000053,TXN-0002407,PH-001,REG-05,EMP-0006,EMP-0012,CUS-00612,2026-07-16 20:01:00,34.76,Gift Card,Incorrect Product,True,18,True,35,False,After 8 PM
REF-000054,RTX-000054,TXN-0003655,PH-001,REG-06,EMP-0006,EMP-0013,CUS-02478,2026-07-17 20:32:00,63.8,Original Payment,Customer Changed Mind,True,73,True,35,False,After 8 PM
REF-000055,RTX-000055,TXN-0000356,PH-001,REG-03,EMP-0006,EMP-0013,CUS-03693,2026-07-27 12:22:00,70.66,Gift Card,Other,True,7,True,15,False,
REF-000056,RTX-000056,TXN-0001513,PH-001,REG-02,EMP-0006,EMP-0012,CUS-03840,2026-07-03 13:04:00,21.5,Original Payment,Customer Changed Mind,True,51,True,15,False,
REF-000057,RTX-000057,TXN-0003335,PH-001,REG-06,EMP-0006,EMP-0002,CUS-01647,2026-07-20 20:14:00,65.49,Gift Card,Customer Changed Mind,True,80,True,35,False,After 8 PM
REF-000058,RTX-000058,TXN-0001861,PH-001,REG-06,EMP-0006,EMP-0012,CUS-02292,2026-07-28 14:28:00,9.09,Cash,Incorrect Product,True,13,True,15,False,
REF-000059,RTX-000059,TXN-0000700,PH-001,REG-03,EMP-0006,EMP-0013,CUS-04245,2026-07-16 12:12:00,43.58,Original Payment,Customer Changed Mind,True,37,True,15,False,
REF-000060,RTX-000060,TXN-0002066,PH-001,REG-06,EMP-0006,EMP-0003,CUS-04696,2026-07-25 12:01:00,50.48,Cash,Incorrect Product,True,12,True,15,False,
REF-000061,RTX-000061,TXN-0001522,PH-003,REG-02,EMP-0045,EMP-0045,CUS-02097,2026-07-13 13:53:40,97.94,Gift Card,Incorrect Product,True,2,True,35,False,High value
REF-000062,RTX-000062,TXN-0000112,PH-003,REG-06,EMP-0056,EMP-0057,CUS-00203,2026-07-23 17:12:30,36.26,Cash,No Receipt,True,14,True,15,False,
REF-000063,RTX-000063,TXN-0001869,PH-002,REG-05,EMP-0035,EMP-0023,,2026-08-08 23:41:49,29.63,Original Payment,Other,True,13,True,35,False,After 8 PM
REF-000064,RTX-000064,TXN-0001659,PH-003,REG-06,EMP-0060,EMP-0045,,2026-07-26 21:32:24,20.22,Cash,Product Defective,False,20,True,70,True,No receipt; After 8 PM
REF-000065,RTX-000065,TXN-0001259,PH-005,REG-03,EMP-0103,EMP-0090,CUS-04678,2026-07-12 12:44:45,42.88,Gift Card,No Receipt,True,9,True,15,False,
REF-000066,RTX-000066,TXN-0002385,PH-004,REG-06,EMP-0080,EMP-0078,,2026-06-18 00:28:20,144.86,Original Payment,Other,True,9,True,35,False,High value
REF-000067,RTX-000067,TXN-0001574,PH-003,REG-06,EMP-0057,EMP-0045,CUS-01836,2026-05-18 12:43:02,2.8,Gift Card,Customer Changed Mind,True,4,True,15,False,
REF-000068,RTX-000068,TXN-0000223,PH-005,REG-05,EMP-0089,EMP-0101,CUS-00255,2026-06-13 15:05:43,58.49,Original Payment,Product Defective,True,25,True,15,False,
REF-000069,RTX-000069,TXN-0001151,PH-003,REG-05,EMP-0062,EMP-0047,,2026-06-07 15:54:59,58.94,Cash,Incorrect Product,True,3,True,15,False,
REF-000070,RTX-000070,TXN-0001650,PH-005,REG-04,EMP-0091,EMP-0100,CUS-02591,2026-05-19 13:31:26,42.07,Cash,Customer Changed Mind,True,3,True,15,False,
REF-000071,RTX-000071,TXN-0002774,PH-003,REG-05,EMP-0045,EMP-0047,,2026-07-29 17:49:21,47.49,Cash,Customer Changed Mind,True,25,True,15,False,
REF-000072,RTX-000072,TXN-0002161,PH-001,REG-04,EMP-0002,EMP-0001,CUS-04842,2026-07-23 08:45:42,132.43,Gift Card,Customer Changed Mind,True,21,True,35,False,High value
REF-000073,RTX-000073,TXN-0000561,PH-005,REG-06,EMP-0105,EMP-0091,CUS-01096,2026-06-01 23:05:33,86.07,Original Payment,Other,True,12,True,55,True,After 8 PM; High value
REF-000074,RTX-000074,TXN-0003184,PH-001,REG-03,EMP-0016,EMP-0012,CUS-00499,2026-05-28 20:06:24,41.35,Gift Card,Other,True,10,True,35,False,After 8 PM
REF-000075,RTX-000075,TXN-0004622,PH-004,REG-05,EMP-0084,EMP-0068,CUS-00674,2026-07-05 12:09:33,18.75,Gift Card,Product Defective,True,22,True,15,False,
REF-000076,RTX-000076,TXN-0003734,PH-002,REG-01,EMP-0024,EMP-0023,CUS-02030,2026-05-25 16:45:21,152.18,Cash,Other,False,1,True,70,True,No receipt; High value
REF-000077,RTX-000077,TXN-0001511,PH-001,REG-03,EMP-0018,EMP-0001,CUS-04734,2026-05-11 16:17:31,77.49,Gift Card,Product Defective,True,4,True,35,False,High value
REF-000078,RTX-000078,TXN-0000254,PH-005,REG-01,EMP-0104,EMP-0091,,2026-07-23 01:14:36,72.19,Original Payment,Incorrect Product,True,26,True,15,False,
REF-000079,RTX-000079,TXN-0003401,PH-002,REG-03,EMP-0037,EMP-0035,CUS-03267,2026-08-06 21:26:12,41.08,Original Payment,Product Defective,True,10,True,35,False,After 8 PM
REF-000080,RTX-000080,TXN-0001680,PH-005,REG-02,EMP-0101,EMP-0091,CUS-01238,2026-06-08 14:06:40,66.69,Original Payment,Other,True,15,True,15,False,
REF-000081,RTX-000081,TXN-0003398,PH-003,REG-01,EMP-0059,EMP-0047,CUS-04671,2026-07-02 20:54:30,4.1,Gift Card,Customer Changed Mind,True,23,True,35,False,After 8 PM
REF-000082,RTX-000082,TXN-0002519,PH-005,REG-06,EMP-0100,EMP-0090,,2026-08-02 15:03:37,96.78,Original Payment,Incorrect Product,True,13,True,35,False,High value
REF-000083,RTX-000083,TXN-0004623,PH-003,REG-01,EMP-0047,EMP-0046,CUS-02817,2026-08-09 14:07:33,99.83,Gift Card,Customer Changed Mind,True,22,True,35,False,High value
REF-000084,RTX-000084,TXN-0001248,PH-001,REG-01,EMP-0015,EMP-0003,CUS-01350,2026-05-17 19:26:25,37.85,Original Payment,No Receipt,True,7,True,15,False,
REF-000085,RTX-000085,TXN-0001900,PH-004,REG-02,EMP-0067,EMP-0079,CUS-02079,2026-07-25 14:55:21,36.36,Original Payment,Product Defective,True,13,True,15,False,
REF-000086,RTX-000086,TXN-0001287,PH-003,REG-06,EMP-0062,EMP-0056,CUS-03271,2026-07-02 16:59:59,109.71,Cash,Customer Changed Mind,True,25,True,35,False,High value
REF-000087,RTX-000087,TXN-0000481,PH-005,REG-01,EMP-0100,EMP-0090,,2026-07-11 12:52:53,66.76,Gift Card,Other,True,23,True,15,False,
REF-000088,RTX-000088,TXN-0003008,PH-004,REG-03,EMP-0067,EMP-0069,CUS-03950,2026-06-26 11:18:32,39.16,Cash,Incorrect Product,True,12,True,15,False,
REF-000089,RTX-000089,TXN-0000851,PH-003,REG-05,EMP-0064,EMP-0056,CUS-02729,2026-06-04 11:10:32,37.71,Gift Card,Customer Changed Mind,True,4,True,15,False,
REF-000090,RTX-000090,TXN-0003915,PH-005,REG-06,EMP-0108,EMP-0100,,2026-06-04 08:49:39,25.67,Original Payment,Other,True,6,True,15,False,
REF-000091,RTX-000091,TXN-0003492,PH-004,REG-06,EMP-0067,EMP-0078,CUS-01026,2026-06-21 10:08:09,2.95,Gift Card,No Receipt,True,2,True,15,False,
REF-000092,RTX-000092,TXN-0001896,PH-004,REG-04,EMP-0079,EMP-0078,CUS-04319,2026-06-28 22:12:10,33.77,Original Payment,Incorrect Product,True,4,True,35,False,After 8 PM
REF-000093,RTX-000093,TXN-0003285,PH-003,REG-02,EMP-0057,EMP-0056,CUS-00432,2026-05-25 19:22:55,22.96,Original Payment,Product Defective,True,20,True,15,False,
REF-000094,RTX-000094,TXN-0004251,PH-004,REG-05,EMP-0083,EMP-0067,,2026-05-24 14:25:25,2.92,Gift Card,Product Defective,True,10,True,15,False,
REF-000095,RTX-000095,TXN-0000298,PH-004,REG-01,EMP-0079,EMP-0069,CUS-04369,2026-06-14 00:31:10,11.4,Gift Card,Incorrect Product,True,23,True,15,False,
REF-000096,RTX-000096,TXN-0002563,PH-003,REG-06,EMP-0047,EMP-0047,,2026-05-26 21:56:19,8.8,Cash,Other,True,5,True,35,False,After 8 PM
REF-000097,RTX-000097,TXN-0003459,PH-005,REG-01,EMP-0105,EMP-0089,CUS-04287,2026-07-19 19:58:10,51.52,Cash,Product Defective,True,20,True,15,False,
REF-000098,RTX-000098,TXN-0003705,PH-003,REG-02,EMP-0061,EMP-0046,,2026-05-28 17:31:43,70.66,Original Payment,Incorrect Product,True,4,True,15,False,
REF-000099,RTX-000099,TXN-0003044,PH-002,REG-04,EMP-0037,EMP-0025,CUS-04097,2026-06-19 19:10:43,27.78,Cash,Product Defective,True,23,True,15,False,
REF-000100,RTX-000100,TXN-0002974,PH-001,REG-04,EMP-0012,EMP-0002,CUS-01155,2026-07-21 13:20:55,35.11,Original Payment,Customer Changed Mind,True,12,True,15,False,
REF-000101,RTX-000101,TXN-0003706,PH-005,REG-03,EMP-0091,EMP-0101,CUS-01847,2026-05-26 20:29:01,35.39,Gift Card,No Receipt,True,18,True,35,False,After 8 PM
REF-000102,RTX-000102,TXN-0002288,PH-001,REG-04,EMP-0014,EMP-0002,CUS-04358,2026-06-08 21:45:30,2.92,Gift Card,Product Defective,True,6,True,35,False,After 8 PM
REF-000103,RTX-000103,TXN-0004447,PH-005,REG-03,EMP-0102,EMP-0101,,2026-07-25 19:27:33,103.2,Gift Card,Product Defective,True,23,True,35,False,High value
REF-000104,RTX-000104,TXN-0001561,PH-004,REG-06,EMP-0068,EMP-0069,CUS-01867,2026-05-04 21:47:26,13.91,Cash,Incorrect Product,True,3,True,35,False,After 8 PM
REF-000105,RTX-000105,TXN-0003833,PH-004,REG-04,EMP-0085,EMP-0079,CUS-02349,2026-06-29 19:29:32,55.27,Original Payment,Other,True,15,True,15,False,
REF-000106,RTX-000106,TXN-0002549,PH-005,REG-02,EMP-0103,EMP-0101,CUS-01971,2026-08-17 15:38:22,38.99,Cash,Incorrect Product,True,25,True,15,False,
REF-000107,RTX-000107,TXN-0000036,PH-001,REG-05,EMP-0013,EMP-0002,,2026-08-06 19:58:24,67.87,Gift Card,Other,True,22,True,15,False,
REF-000108,RTX-000108,TXN-0002660,PH-002,REG-06,EMP-0039,EMP-0025,CUS-01395,2026-08-12 17:24:21,4.89,Gift Card,Incorrect Product,False,15,True,50,True,No receipt
REF-000109,RTX-000109,TXN-0004320,PH-005,REG-01,EMP-0107,EMP-0089,,2026-06-30 21:30:26,29.33,Cash,Other,True,2,True,35,False,After 8 PM
REF-000110,RTX-000110,TXN-0002412,PH-003,REG-01,EMP-0058,EMP-0046,CUS-02687,2026-07-24 10:29:40,13.82,Cash,Incorrect Product,True,17,True,15,False,
REF-000111,RTX-000111,TXN-0004967,PH-002,REG-03,EMP-0034,EMP-0034,CUS-03261,2026-06-23 10:03:22,59.86,Gift Card,No Receipt,True,9,True,15,False,
REF-000112,RTX-000112,TXN-0000958,PH-004,REG-01,EMP-0069,EMP-0069,CUS-04351,2026-05-14 15:45:11,1.61,Cash,Other,True,1,True,15,False,
REF-000113,RTX-000113,TXN-0002354,PH-001,REG-05,EMP-0001,EMP-0013,CUS-04002,2026-08-04 18:38:52,31.3,Original Payment,Incorrect Product,True,20,True,15,False,
REF-000114,RTX-000114,TXN-0001420,PH-005,REG-05,EMP-0089,EMP-0090,CUS-04164,2026-06-11 13:38:52,15.08,Gift Card,Product Defective,True,4,True,15,False,
REF-000115,RTX-000115,TXN-0001215,PH-001,REG-06,EMP-0003,EMP-0001,,2026-08-03 23:54:13,82.74,Original Payment,Product Defective,True,6,True,55,True,After 8 PM; High value
REF-000116,RTX-000116,TXN-0004733,PH-001,REG-03,EMP-0018,EMP-0012,,2026-06-22 15:22:20,305.16,Original Payment,Product Defective,True,17,True,35,False,High value
REF-000117,RTX-000117,TXN-0000413,PH-002,REG-06,EMP-0024,EMP-0035,CUS-03158,2026-06-18 15:18:09,278.69,Cash,Product Defective,True,14,True,35,False,High value
REF-000118,RTX-000118,TXN-0001482,PH-001,REG-03,EMP-0003,EMP-0002,CUS-04962,2026-06-08 17:47:02,26.35,Original Payment,Product Defective,True,16,True,15,False,
REF-000119,RTX-000119,TXN-0002963,PH-005,REG-05,EMP-0108,EMP-0090,,2026-08-15 18:44:00,103.02,Cash,Incorrect Product,True,23,True,35,False,High value
REF-000120,RTX-000120,TXN-0004385,PH-004,REG-05,EMP-0069,EMP-0078,,2026-05-22 19:51:33,68.21,Gift Card,Incorrect Product,True,17,True,15,False,
REF-000121,RTX-000121,TXN-0001681,PH-001,REG-04,EMP-0019,EMP-0013,CUS-04517,2026-07-17 20:06:19,100.47,Gift Card,Product Defective,True,24,True,55,True,After 8 PM; High value
REF-000122,RTX-000122,TXN-0003993,PH-001,REG-06,EMP-0018,EMP-0003,CUS-00593,2026-07-23 22:28:41,42.43,Gift Card,Product Defective,False,9,True,70,True,No receipt; After 8 PM
REF-000123,RTX-000123,TXN-0002730,PH-005,REG-04,EMP-0107,EMP-0091,CUS-03772,2026-07-21 09:18:31,57.56,Cash,Product Defective,True,6,True,15,False,
REF-000124,RTX-000124,TXN-0001095,PH-002,REG-06,EMP-0042,EMP-0025,,2026-07-03 18:29:45,3.29,Gift Card,No Receipt,True,6,True,15,False,
REF-000125,RTX-000125,TXN-0001255,PH-003,REG-03,EMP-0063,EMP-0046,CUS-00234,2026-06-27 13:16:30,3.78,Cash,Customer Changed Mind,True,1,True,15,False,
REF-000126,RTX-000126,TXN-0003865,PH-004,REG-03,EMP-0083,EMP-0067,CUS-00789,2026-07-03 00:10:50,157.46,Cash,Incorrect Product,True,18,True,35,False,High value
REF-000127,RTX-000127,TXN-0003284,PH-003,REG-01,EMP-0057,EMP-0045,CUS-04390,2026-05-19 20:31:45,238.56,Original Payment,Product Defective,False,15,True,90,True,No receipt; After 8 PM; High value
REF-000128,RTX-000128,TXN-0003342,PH-005,REG-03,EMP-0106,EMP-0100,CUS-02056,2026-07-25 11:07:45,29.67,Cash,Other,True,22,True,15,False,
REF-000129,RTX-000129,TXN-0004662,PH-002,REG-01,EMP-0040,EMP-0034,,2026-06-16 12:36:10,57.63,Gift Card,Other,True,14,True,15,False,
REF-000130,RTX-000130,TXN-0000482,PH-001,REG-06,EMP-0017,EMP-0003,,2026-06-05 18:03:14,38.87,Cash,Customer Changed Mind,True,8,True,15,False,
REF-000131,RTX-000131,TXN-0004853,PH-005,REG-04,EMP-0102,EMP-0090,CUS-02749,2026-07-23 22:02:34,9.34,Cash,Incorrect Product,True,1,True,35,False,After 8 PM
REF-000132,RTX-000132,TXN-0004715,PH-004,REG-05,EMP-0081,EMP-0078,CUS-02910,2026-08-06 16:38:15,53.25,Gift Card,Customer Changed Mind,True,16,True,15,False,
REF-000133,RTX-000133,TXN-0004375,PH-005,REG-04,EMP-0107,EMP-0090,CUS-02210,2026-07-08 19:03:54,39.85,Cash,Product Defective,True,24,True,15,False,
REF-000134,RTX-000134,TXN-0002314,PH-003,REG-03,EMP-0059,EMP-0046,CUS-03152,2026-07-03 21:38:11,103.88,Gift Card,Other,True,15,True,55,True,After 8 PM; High value
REF-000135,RTX-000135,TXN-0000650,PH-003,REG-06,EMP-0059,EMP-0047,CUS-03640,2026-06-04 23:55:49,85.63,Original Payment,Customer Changed Mind,True,18,True,55,True,After 8 PM; High value
REF-000136,RTX-000136,TXN-0001489,PH-002,REG-04,EMP-0024,EMP-0023,CUS-01961,2026-08-14 14:07:47,64.99,Cash,Product Defective,True,16,True,15,False,
REF-000137,RTX-000137,TXN-0001111,PH-002,REG-03,EMP-0041,EMP-0034,CUS-00168,2026-08-25 19:50:19,44.17,Gift Card,No Receipt,True,25,True,15,False,
REF-000138,RTX-000138,TXN-0000667,PH-001,REG-05,EMP-0001,EMP-0003,,2026-05-26 21:24:01,38.39,Gift Card,No Receipt,True,9,True,35,False,After 8 PM
REF-000139,RTX-000139,TXN-0000810,PH-005,REG-05,EMP-0102,EMP-0101,CUS-00918,2026-05-29 13:37:30,129.66,Gift Card,No Receipt,True,4,True,35,False,High value
REF-000140,RTX-000140,TXN-0001361,PH-002,REG-06,EMP-0042,EMP-0024,,2026-05-26 08:23:24,20.28,Cash,Other,True,6,True,15,False,
REF-000141,RTX-000141,TXN-0002984,PH-001,REG-01,EMP-0018,EMP-0013,,2026-07-28 21:28:54,80.47,Gift Card,Customer Changed Mind,True,2,True,55,True,After 8 PM; High value
REF-000142,RTX-000142,TXN-0001239,PH-002,REG-02,EMP-0042,EMP-0023,CUS-04619,2026-05-14 21:48:52,47.02,Original Payment,Product Defective,True,11,True,35,False,After 8 PM
REF-000143,RTX-000143,TXN-0000881,PH-001,REG-06,EMP-0012,EMP-0013,CUS-04363,2026-06-17 20:18:19,30.41,Original Payment,Customer Changed Mind,True,21,True,35,False,After 8 PM
REF-000144,RTX-000144,TXN-0000334,PH-002,REG-05,EMP-0042,EMP-0035,CUS-03854,2026-07-28 23:19:01,3.75,Original Payment,Incorrect Product,False,12,True,70,True,No receipt; After 8 PM
REF-000145,RTX-000145,TXN-0003223,PH-005,REG-06,EMP-0091,EMP-0100,CUS-03128,2026-06-19 09:26:13,72.7,Gift Card,No Receipt,True,14,True,15,False,
REF-000146,RTX-000146,TXN-0002185,PH-005,REG-05,EMP-0103,EMP-0089,CUS-00517,2026-07-06 17:32:30,11.68,Original Payment,Product Defective,True,7,True,15,False,
REF-000147,RTX-000147,TXN-0001951,PH-005,REG-04,EMP-0107,EMP-0101,CUS-03489,2026-07-19 14:59:14,51.31,Gift Card,Product Defective,True,14,True,15,False,
REF-000148,RTX-000148,TXN-0000922,PH-005,REG-01,EMP-0105,EMP-0091,CUS-00181,2026-07-22 21:39:47,48.13,Original Payment,No Receipt,False,23,True,70,True,No receipt; After 8 PM
REF-000149,RTX-000149,TXN-0003632,PH-002,REG-05,EMP-0025,EMP-0023,CUS-04438,2026-07-28 18:03:07,180.2,Gift Card,Customer Changed Mind,True,20,True,35,False,High value
REF-000150,RTX-000150,TXN-0000575,PH-003,REG-02,EMP-0046,EMP-0046,CUS-01828,2026-05-16 13:40:01,54.7,Cash,Other,True,5,True,15,False,
REF-000151,RTX-000151,TXN-0004072,PH-004,REG-05,EMP-0067,EMP-0079,CUS-03066,2026-06-15 18:07:24,50.47,Original Payment,No Receipt,False,9,True,50,True,No receipt
REF-000152,RTX-000152,TXN-0004556,PH-005,REG-01,EMP-0090,EMP-0091,CUS-04891,2026-08-13 22:58:07,54.21,Cash,Incorrect Product,True,24,True,35,False,After 8 PM
REF-000153,RTX-000153,TXN-0003432,PH-001,REG-06,EMP-0020,EMP-0012,CUS-04035,2026-05-29 16:16:19,234.91,Gift Card,Customer Changed Mind,True,3,True,35,False,High value
REF-000154,RTX-000154,TXN-0003227,PH-005,REG-01,EMP-0108,EMP-0101,,2026-06-24 22:02:26,50.76,Cash,Customer Changed Mind,True,6,True,35,False,After 8 PM
REF-000155,RTX-000155,TXN-0000081,PH-005,REG-03,EMP-0101,EMP-0091,CUS-01037,2026-06-27 13:03:08,82.25,Cash,Product Defective,True,12,True,35,False,High value
REF-000156,RTX-000156,TXN-0000459,PH-003,REG-04,EMP-0064,EMP-0047,,2026-07-19 21:41:30,29.78,Original Payment,No Receipt,True,10,True,35,False,After 8 PM
REF-000157,RTX-000157,TXN-0003277,PH-005,REG-01,EMP-0091,EMP-0089,CUS-04024,2026-05-22 11:52:11,33.36,Gift Card,Other,True,10,True,15,False,
REF-000158,RTX-000158,TXN-0000074,PH-005,REG-02,EMP-0106,EMP-0101,,2026-07-15 11:07:09,50.45,Gift Card,Incorrect Product,False,17,True,50,True,No receipt
REF-000159,RTX-000159,TXN-0003730,PH-002,REG-06,EMP-0038,EMP-0034,CUS-04979,2026-05-07 11:05:15,20.77,Cash,Product Defective,True,4,True,15,False,
REF-000160,RTX-000160,TXN-0004138,PH-002,REG-06,EMP-0024,EMP-0024,,2026-07-27 11:34:52,23.95,Gift Card,Customer Changed Mind,True,3,True,15,False,
REF-000161,RTX-000161,TXN-0002187,PH-001,REG-01,EMP-0013,EMP-0001,CUS-03941,2026-05-20 20:52:11,35.47,Cash,Customer Changed Mind,False,15,True,70,True,No receipt; After 8 PM
REF-000162,RTX-000162,TXN-0002052,PH-002,REG-01,EMP-0041,EMP-0035,CUS-02869,2026-06-09 13:19:05,74.8,Gift Card,Customer Changed Mind,True,24,True,15,False,
REF-000163,RTX-000163,TXN-0000902,PH-001,REG-01,EMP-0020,EMP-0013,,2026-06-13 17:15:08,19.53,Original Payment,No Receipt,True,6,True,15,False,
REF-000164,RTX-000164,TXN-0004514,PH-003,REG-01,EMP-0058,EMP-0056,CUS-03677,2026-07-10 11:11:21,15.74,Original Payment,Product Defective,False,5,True,50,True,No receipt
REF-000165,RTX-000165,TXN-0004066,PH-005,REG-05,EMP-0102,EMP-0090,CUS-04628,2026-08-04 20:14:04,28.23,Original Payment,Incorrect Product,True,19,True,35,False,After 8 PM
REF-000166,RTX-000166,TXN-0000611,PH-003,REG-06,EMP-0056,EMP-0047,CUS-02725,2026-05-03 19:01:22,51.78,Gift Card,Customer Changed Mind,True,1,True,15,False,
REF-000167,RTX-000167,TXN-0002147,PH-002,REG-04,EMP-0023,EMP-0023,CUS-00391,2026-05-29 14:45:43,53.54,Cash,Customer Changed Mind,True,20,True,15,False,
REF-000168,RTX-000168,TXN-0004226,PH-002,REG-03,EMP-0025,EMP-0025,CUS-04416,2026-07-01 18:25:34,180.25,Original Payment,No Receipt,True,10,True,35,False,High value
REF-000169,RTX-000169,TXN-0003987,PH-001,REG-04,EMP-0003,EMP-0001,CUS-04709,2026-07-16 15:53:10,6.71,Cash,Other,True,3,True,15,False,
REF-000170,RTX-000170,TXN-0003668,PH-004,REG-05,EMP-0086,EMP-0068,CUS-00828,2026-07-27 18:39:27,84.84,Cash,Product Defective,True,14,True,35,False,High value
REF-000171,RTX-000171,TXN-0000803,PH-002,REG-03,EMP-0036,EMP-0034,CUS-04766,2026-07-07 16:07:37,159.71,Original Payment,No Receipt,True,16,True,35,False,High value
REF-000172,RTX-000172,TXN-0002671,PH-002,REG-06,EMP-0042,EMP-0034,CUS-03398,2026-07-08 22:40:03,59.8,Gift Card,No Receipt,True,1,True,35,False,After 8 PM
REF-000173,RTX-000173,TXN-0004936,PH-004,REG-05,EMP-0069,EMP-0079,CUS-03330,2026-07-31 12:40:54,6.1,Gift Card,Incorrect Product,True,20,True,15,False,
REF-000174,RTX-000174,TXN-0003057,PH-003,REG-06,EMP-0047,EMP-0046,CUS-02034,2026-06-05 08:13:46,142.85,Cash,Incorrect Product,True,12,True,35,False,High value
REF-000175,RTX-000175,TXN-0004615,PH-005,REG-05,EMP-0089,EMP-0100,CUS-04728,2026-08-06 21:05:22,49.88,Gift Card,Other,True,6,True,35,False,After 8 PM
REF-000176,RTX-000176,TXN-0004572,PH-001,REG-05,EMP-0014,EMP-0013,CUS-03001,2026-05-11 19:28:38,61.56,Gift Card,Incorrect Product,False,5,True,50,True,No receipt
REF-000177,RTX-000177,TXN-0000352,PH-003,REG-02,EMP-0064,EMP-0056,CUS-04574,2026-08-12 21:30:16,46.14,Original Payment,Other,False,21,True,70,True,No receipt; After 8 PM
REF-000178,RTX-000178,TXN-0000998,PH-005,REG-04,EMP-0089,EMP-0090,CUS-04218,2026-06-30 21:44:01,154.2,Original Payment,Product Defective,True,24,True,55,True,After 8 PM; High value
REF-000179,RTX-000179,TXN-0003538,PH-003,REG-04,EMP-0061,EMP-0047,CUS-03384,2026-07-25 20:15:05,4.05,Cash,Product Defective,True,4,True,35,False,After 8 PM
REF-000180,RTX-000180,TXN-0002197,PH-001,REG-01,EMP-0006,EMP-0012,CUS-02250,2026-05-29 16:28:51,36.71,Gift Card,No Receipt,True,1,True,15,False,
REF-000181,RTX-000181,TXN-0002470,PH-003,REG-01,EMP-0061,EMP-0046,CUS-03937,2026-07-15 11:00:39,53.25,Gift Card,Customer Changed Mind,False,21,True,50,True,No receipt
REF-000182,RTX-000182,TXN-0004480,PH-002,REG-05,EMP-0041,EMP-0024,CUS-02438,2026-06-23 18:31:21,54.17,Original Payment,Other,True,9,True,15,False,
REF-000183,RTX-000183,TXN-0003541,PH-004,REG-03,EMP-0086,EMP-0069,CUS-03651,2026-06-06 12:24:04,69.7,Original Payment,No Receipt,True,7,True,15,False,
REF-000184,RTX-000184,TXN-0003600,PH-003,REG-04,EMP-0056,EMP-0047,CUS-01330,2026-08-17 12:32:24,9.28,Cash,Customer Changed Mind,True,23,True,15,False,
REF-000185,RTX-000185,TXN-0004687,PH-005,REG-06,EMP-0101,EMP-0100,CUS-00542,2026-06-24 09:52:57,53.32,Gift Card,No Receipt,True,4,True,15,False,
REF-000186,RTX-000186,TXN-0003812,PH-005,REG-03,EMP-0104,EMP-0100,CUS-03842,2026-08-10 16:37:45,70.86,Original Payment,Other,True,22,True,15,False,
REF-000187,RTX-000187,TXN-0000032,PH-005,REG-03,EMP-0108,EMP-0090,CUS-01787,2026-08-07 17:30:08,146.82,Original Payment,No Receipt,True,15,True,35,False,High value
REF-000188,RTX-000188,TXN-0004618,PH-001,REG-04,EMP-0006,EMP-0002,,2026-07-25 20:23:58,5.04,Gift Card,Customer Changed Mind,True,2,True,35,False,After 8 PM
REF-000189,RTX-000189,TXN-0003053,PH-005,REG-03,EMP-0103,EMP-0089,CUS-04358,2026-05-31 12:02:01,20.58,Original Payment,Incorrect Product,True,7,True,15,False,
REF-000190,RTX-000190,TXN-0002593,PH-003,REG-05,EMP-0046,EMP-0047,CUS-04295,2026-07-27 21:25:00,24.04,Original Payment,No Receipt,True,14,True,35,False,After 8 PM
REF-000191,RTX-000191,TXN-0004958,PH-004,REG-04,EMP-0086,EMP-0067,CUS-00498,2026-08-05 16:57:23,205.56,Gift Card,Product Defective,True,14,True,35,False,High value
REF-000192,RTX-000192,TXN-0004496,PH-001,REG-06,EMP-0016,EMP-0003,CUS-01429,2026-05-27 20:48:44,23.38,Gift Card,No Receipt,True,7,True,35,False,After 8 PM
REF-000193,RTX-000193,TXN-0003897,PH-002,REG-01,EMP-0023,EMP-0023,CUS-04396,2026-06-05 16:55:11,53.74,Cash,Incorrect Product,True,18,True,15,False,
REF-000194,RTX-000194,TXN-0004960,PH-004,REG-02,EMP-0081,EMP-0078,CUS-03955,2026-07-21 16:03:45,10.18,Cash,Incorrect Product,False,6,True,50,True,No receipt
REF-000195,RTX-000195,TXN-0000589,PH-004,REG-06,EMP-0079,EMP-0067,,2026-06-06 23:34:42,1.43,Original Payment,Product Defective,True,24,True,35,False,After 8 PM
REF-000196,RTX-000196,TXN-0003747,PH-003,REG-05,EMP-0058,EMP-0057,CUS-04033,2026-07-19 13:33:22,53.35,Gift Card,Customer Changed Mind,True,23,True,15,False,
REF-000197,RTX-000197,TXN-0000246,PH-003,REG-03,EMP-0063,EMP-0047,CUS-03578,2026-07-24 10:48:05,57.63,Cash,Product Defective,False,24,True,50,True,No receipt
REF-000198,RTX-000198,TXN-0002526,PH-003,REG-05,EMP-0064,EMP-0047,CUS-03247,2026-07-11 00:13:40,16.64,Cash,Customer Changed Mind,True,3,True,15,False,
REF-000199,RTX-000199,TXN-0003329,PH-005,REG-02,EMP-0090,EMP-0101,CUS-01522,2026-07-06 01:31:20,141.81,Gift Card,No Receipt,True,19,True,35,False,High value
REF-000200,RTX-000200,TXN-0004277,PH-001,REG-02,EMP-0019,EMP-0013,CUS-02776,2026-06-12 10:22:17,43.8,Gift Card,Product Defective,False,3,True,50,True,No receipt
REF-000201,RTX-000201,TXN-0003548,PH-005,REG-03,EMP-0103,EMP-0090,CUS-00466,2026-07-01 15:58:27,24.51,Original Payment,Customer Changed Mind,True,10,True,15,False,
REF-000202,RTX-000202,TXN-0003426,PH-002,REG-01,EMP-0023,EMP-0035,CUS-01589,2026-05-16 14:01:23,45.73,Gift Card,Other,False,8,True,50,True,No receipt
REF-000203,RTX-000203,TXN-0003142,PH-004,REG-06,EMP-0085,EMP-0078,CUS-03847,2026-07-28 13:42:22,49.26,Gift Card,No Receipt,True,16,True,15,False,
REF-000204,RTX-000204,TXN-0004394,PH-001,REG-06,EMP-0016,EMP-0002,CUS-03702,2026-07-15 20:07:01,65.41,Cash,Customer Changed Mind,True,20,True,35,False,After 8 PM
REF-000205,RTX-000205,TXN-0004261,PH-005,REG-04,EMP-0090,EMP-0100,CUS-04741,2026-06-10 20:47:26,29.5,Cash,No Receipt,True,24,True,35,False,After 8 PM
REF-000206,RTX-000206,TXN-0001219,PH-002,REG-01,EMP-0040,EMP-0035,,2026-07-29 20:14:03,42.71,Gift Card,Customer Changed Mind,True,11,True,35,False,After 8 PM
REF-000207,RTX-000207,TXN-0002003,PH-002,REG-05,EMP-0041,EMP-0024,,2026-08-07 13:21:49,37.11,Gift Card,Customer Changed Mind,True,8,True,15,False,
REF-000208,RTX-000208,TXN-0003848,PH-004,REG-05,EMP-0081,EMP-0069,CUS-02419,2026-06-16 12:25:49,200.28,Gift Card,Other,True,13,True,35,False,High value
REF-000209,RTX-000209,TXN-0002667,PH-004,REG-05,EMP-0083,EMP-0067,CUS-02050,2026-08-12 13:39:12,50.14,Gift Card,Product Defective,True,23,True,15,False,
REF-000210,RTX-000210,TXN-0004930,PH-003,REG-05,EMP-0047,EMP-0057,CUS-01997,2026-06-08 16:52:56,3.18,Gift Card,Other,False,2,True,50,True,No receipt
REF-000211,RTX-000211,TXN-0001208,PH-002,REG-02,EMP-0038,EMP-0034,CUS-00273,2026-08-09 14:38:09,66.65,Gift Card,Product Defective,True,18,True,15,False,
REF-000212,RTX-000212,TXN-0004084,PH-005,REG-03,EMP-0090,EMP-0101,CUS-01447,2026-06-05 11:58:55,41.56,Gift Card,Product Defective,True,23,True,15,False,
REF-000213,RTX-000213,TXN-0001604,PH-005,REG-04,EMP-0103,EMP-0100,CUS-01586,2026-08-02 11:20:20,60.98,Original Payment,Product Defective,True,11,True,15,False,
REF-000214,RTX-000214,TXN-0000862,PH-001,REG-01,EMP-0017,EMP-0013,CUS-00117,2026-06-08 09:22:50,36.92,Cash,Customer Changed Mind,True,10,True,15,False,
REF-000215,RTX-000215,TXN-0000799,PH-001,REG-02,EMP-0015,EMP-0002,CUS-03693,2026-05-19 16:41:18,72.44,Gift Card,Customer Changed Mind,True,18,True,15,False,
REF-000216,RTX-000216,TXN-0004263,PH-004,REG-05,EMP-0084,EMP-0067,CUS-00530,2026-06-09 19:10:18,17.2,Original Payment,Other,True,20,True,15,False,
REF-000217,RTX-000217,TXN-0000174,PH-005,REG-03,EMP-0108,EMP-0091,,2026-07-15 16:41:43,9.64,Cash,Product Defective,True,22,True,15,False,
REF-000218,RTX-000218,TXN-0004879,PH-001,REG-04,EMP-0003,EMP-0002,,2026-07-30 15:52:24,19.8,Original Payment,Other,False,11,True,50,True,No receipt
REF-000219,RTX-000219,TXN-0000619,PH-005,REG-05,EMP-0089,EMP-0100,CUS-01373,2026-06-15 15:21:34,199.07,Original Payment,Other,True,5,True,35,False,High value
REF-000220,RTX-000220,TXN-0003877,PH-005,REG-06,EMP-0100,EMP-0101,,2026-07-12 15:04:23,11.11,Original Payment,Incorrect Product,True,20,True,15,False,
REF-000221,RTX-000221,TXN-0004875,PH-001,REG-04,EMP-0019,EMP-0001,CUS-00023,2026-07-27 03:26:00,234.72,Cash,Product Defective,False,22,True,95,True,Potential duplicate refund across locations
REF-000222,RTX-000222,TXN-0002019,PH-001,REG-03,EMP-0013,EMP-0003,CUS-00802,2026-07-13 19:25:00,51.78,Gift Card,Other,False,36,True,95,True,Potential duplicate refund across locations
REF-000223,RTX-000223,TXN-0000626,PH-002,REG-02,EMP-0041,EMP-0023,CUS-00446,2026-07-05 11:25:00,40.93,Gift Card,No Receipt,False,12,True,95,True,Potential duplicate refund across locations
REF-000224,RTX-000224,TXN-0002150,PH-005,REG-04,EMP-0106,EMP-0090,,2026-07-16 05:42:00,32.98,Gift Card,Customer Changed Mind,False,15,True,95,True,Potential duplicate refund across locations
REF-000225,RTX-000225,TXN-0001691,PH-002,REG-03,EMP-0025,EMP-0024,CUS-04618,2026-07-20 04:47:00,58.26,Gift Card,No Receipt,False,29,True,95,True,Potential duplicate refund across locations
REF-000226,RTX-000226,TXN-0000814,PH-004,REG-04,EMP-0083,EMP-0068,CUS-04022,2026-07-02 20:15:00,4.02,Cash,Customer Changed Mind,False,23,True,95,True,Potential duplicate refund across locations
REF-000227,RTX-000227,TXN-0002379,PH-001,REG-06,EMP-0017,EMP-0002,CUS-02118,2026-07-26 06:13:00,14.49,Gift Card,Incorrect Product,False,77,True,95,True,Potential duplicate refund across locations
REF-000228,RTX-000228,TXN-0004114,PH-004,REG-01,EMP-0067,EMP-0078,CUS-03764,2026-07-03 18:12:00,34.08,Cash,Product Defective,False,-19,True,95,True,Potential duplicate refund across locations
REF-000229,RTX-000229,TXN-0000266,PH-005,REG-03,EMP-0104,EMP-0090,CUS-02665,2026-08-01 17:02:00,66.64,Gift Card,Incorrect Product,False,0,True,95,True,Potential duplicate refund across locations
REF-000230,RTX-000230,TXN-0001076,PH-002,REG-06,EMP-0042,EMP-0034,CUS-04598,2026-07-05 01:45:00,2.36,Original Payment,Other,False,-6,True,95,True,Potential duplicate refund across locations
REF-000231,RTX-000231,TXN-0002610,PH-005,REG-05,EMP-0090,EMP-0090,,2026-07-05 07:48:00,59.96,Original Payment,Incorrect Product,False,-23,True,95,True,Potential duplicate refund across locations
REF-000232,RTX-000232,TXN-0000917,PH-003,REG-05,EMP-0057,EMP-0047,CUS-02880,2026-08-01 06:56:00,5.51,Cash,Customer Changed Mind,False,87,True,95,True,Potential duplicate refund across locations
